,storm_code,storm_name,mad1_bursts,mad2_bursts,mad1_threshold,mad2_threshold,iqr1_bursts,iqr2_bursts,iqr1_threshold,iqr2_threshold,logn1_bursts,logn2_bursts,logn1_threshold,logn2_threshold,total_bins,mad1_prop,mad2_prop,iqr1_prop,iqr2_prop,logn1_prop,logn2_prop
0,SHEM_17_18,Donna,0,0,7.279569342828122,8.458224339169767,0,0,6.064649793362131,7.23423865142269,2,0,5.456491797185704,6.869271445048579,158,0.0,0.0,0.0,0.0,1.27,0.0
1,EPAC_14_7,Genevieve,0,0,6.340359303727753,7.438971592395863,0,0,4.937563328758572,5.861340829724716,0,0,4.265152321068948,5.350360980467795,23,0.0,0.0,0.0,0.0,0.0,0.0
2,SHEM_20_2,Belna,5,2,2.7204727211007667,3.125937829208931,8,2,2.525728644308255,2.9838740102453327,5,2,2.829049769961755,3.587362836512443,80,6.25,2.5,10.0,2.5,6.25,2.5
3,SHEM_20_25,Harold,0,0,6.028248771164074,6.875546631551279,4,0,5.401174751987744,6.303528572677666,4,0,5.408573880058899,6.724197366507676,155,0.0,0.0,2.58,0.0,2.58,0.0
4,WPAC_12_5,Guchol,0,0,6.637683875882665,7.655867505487947,0,0,5.478681973681423,6.501778876821806,5,0,4.917586009619551,6.118076409424868,148,0.0,0.0,0.0,0.0,3.38,0.0
5,ATL_18_14,Michael,0,0,7.012607932366414,8.088747365182465,0,0,5.554508771908447,6.540776486777034,2,0,5.330352352465946,6.657977895902351,87,0.0,0.0,0.0,0.0,2.3,0.0
6,IO_18_5,Luban,0,0,0.6931471805599453,0.6931471805599453,0,0,0.6931471805599453,0.6931471805599453,0,0,,,1,0.0,0.0,0.0,0.0,0.0,0.0
7,SHEM_12_16,Koji,0,0,7.279569342828122,8.458224339169767,0,0,5.481680047850402,6.505526469533029,2,0,5.051525910236542,6.326662381056332,105,0.0,0.0,0.0,0.0,1.9,0.0
8,EPAC_13_7,Gil,0,0,5.967748020490667,6.884038752364822,0,0,5.6067207618130706,6.661827361986365,1,0,4.967779914496241,6.221870935511944,57,0.0,0.0,0.0,0.0,1.75,0.0
9,EPAC_15_12,Ignacio,0,0,7.697354274501149,8.899099903652395,0,0,6.470023598610734,7.699116492112029,2,0,5.813648656329333,7.295533363768513,104,0.0,0.0,0.0,0.0,1.92,0.0
10,SHEM_15_17,Pam,0,0,6.825960728312534,7.984697581056432,0,0,6.068425588244111,7.310878913138111,1,0,5.3796364924295865,6.851720546620439,110,0.0,0.0,0.0,0.0,0.91,0.0
11,IO_19_4,Kyarr,3,1,4.1588830833596715,4.852030263919617,1,0,4.51085950651685,5.465287588006076,4,0,4.097176140064122,5.257765173542624,67,4.48,1.49,1.49,0.0,5.97,0.0
12,SHEM_19_21,Veronica,8,3,2.7204727211007667,3.125937829208931,6,2,2.8903717578961645,3.439677902230219,5,0,2.953099803300031,3.753805713053814,81,9.88,3.7,7.41,2.47,6.17,0.0
13,SHEM_20_20,Ferdinand,3,0,4.852030263919616,5.545177444479561,4,1,4.33729074083249,5.07503983576064,4,0,4.483379452198905,5.631918786892647,95,3.16,0.0,4.21,1.05,4.21,0.0
14,CPAC_18_1,Walaka,4,0,3.6527404074980634,4.163566031264054,5,0,3.5065578973199822,4.108544299482951,5,0,3.3747997185787817,4.2107269612403835,133,3.01,0.0,3.76,0.0,3.76,0.0
15,SHEM_18_4,Irving,5,5,0.6931471805599453,0.6931471805599453,2,1,2.3025850929940455,2.704944571102571,1,0,2.777081251353008,3.5519740716775914,11,45.45,45.45,18.18,9.09,9.09,0.0
16,SHEM_20_7,Claudia,0,0,5.335101590604128,6.182399450991332,4,0,4.795790545596741,5.648164591715954,3,0,4.822199126704344,6.111897963761246,65,0.0,0.0,6.15,0.0,4.62,0.0
17,SHEM_14_23,Ita,8,3,4.1588830833596715,4.852030263919617,8,5,3.859342747599233,4.650891639359054,8,1,4.000592666001305,5.131366961845882,146,5.48,2.05,5.48,3.42,5.48,0.68
18,ATL_14_6,Edouard,1,0,5.27460083993072,6.190891571804875,3,1,4.68213122712422,5.578010961738247,2,0,4.796868662788624,6.147026965549962,71,1.41,0.0,4.23,1.41,2.82,0.0
19,IO_18_2,Mekunu,1,0,3.550685421197425,4.041100047703289,0,0,3.6694440669194397,4.312152011482272,0,0,3.72743084974081,4.676908718494865,16,6.25,0.0,0.0,0.0,0.0,0.0
20,ATL_18_16,Oscar,0,0,7.772380183004752,8.992882289281898,0,0,6.480101956351554,7.7256609112451935,1,0,5.810214440153631,7.272181060506831,115,0.0,0.0,0.0,0.0,0.87,0.0
21,WPAC_20_19,Saudel,0,0,6.2972161428677005,7.336936913707618,3,0,5.236215564818384,6.270616383855953,4,0,5.0399286536396914,6.391967167285575,86,0.0,0.0,3.49,0.0,4.65,0.0
22,EPAC_13_5,Erick,7,5,2.7204727211007667,3.125937829208931,4,2,3.465735902799726,4.158883083359671,2,0,4.205394928630652,5.465819585902796,29,24.14,17.24,13.79,6.9,6.9,0.0
23,WPAC_10_4,Chanthu,0,0,6.87935580446044,7.977968093128549,0,0,4.8684703393873,5.792954722538862,1,0,4.649584232839982,5.815708281532773,34,0.0,0.0,0.0,0.0,2.94,0.0
24,SHEM_10_12,Oli,0,0,7.23085869490639,8.518712983213028,1,0,5.52603988675463,6.596936527219787,1,0,5.219818680742901,6.658870252454671,39,0.0,0.0,2.56,0.0,2.56,0.0
25,SHEM_11_11,Yasi,0,0,5.68181748107769,6.502798033147521,2,0,4.828313737302301,5.63303269351935,3,0,4.67615235775158,5.82379461309851,81,0.0,0.0,2.47,0.0,3.7,0.0
26,ATL_17_15,Maria,4,1,4.1588830833596715,4.852030263919617,4,0,4.102643365036796,4.955017411156009,9,1,3.761648242838442,4.773138361600035,191,2.09,0.52,2.09,0.0,4.71,0.52
27,EPAC_15_9,Guillermo,0,0,5.335101590604128,6.182399450991332,2,0,4.446565155811452,5.2835533725972885,4,0,4.1423891411623535,5.179235519293069,81,0.0,0.0,2.47,0.0,4.94,0.0
28,SHEM_10_21,Imani,1,0,2.7204727211007667,3.125937829208931,0,0,2.8903717578961645,3.439677902230219,1,0,2.454408051496017,3.030984332438108,33,3.03,0.0,0.0,0.0,3.03,0.0
29,EPAC_16_14,Madeline,5,0,6.120541589383125,7.10137084239485,5,0,6.191953407857386,7.337582281713207,5,0,6.198039974450376,7.9209919444640615,99,5.05,0.0,5.05,0.0,5.05,0.0
30,SHEM_18_20,Fakir,0,0,4.8283137373023015,5.633032693519351,0,0,3.800451229771041,4.577277242073816,1,0,3.330444325103414,4.187321017906583,14,0.0,0.0,0.0,0.0,7.14,0.0
31,SHEM_17_17,Frances,0,0,6.794061527046422,7.972716523388067,0,0,6.068425588244111,7.310878913138111,2,0,5.138667708859249,6.53772502276944,61,0.0,0.0,0.0,0.0,3.28,0.0
32,WPAC_12_3,Sanvu,3,3,0.6931471805599453,0.6931471805599453,1,0,2.0794415416798357,2.4260151319598084,0,0,2.2692973653569846,2.8509173321914925,7,42.86,42.86,14.29,0.0,0.0,0.0
33,WPAC_12_18,Jelawat,7,1,4.1588830833596715,4.852030263919617,7,5,3.697178256928632,4.346819748993762,7,1,4.073307359680383,5.198782611179509,97,7.22,1.03,7.22,5.15,7.22,1.03
34,SHEM_20_15,Uesi,1,0,2.7204727211007667,3.125937829208931,1,0,2.525728644308255,2.9838740102453327,1,0,2.48889807196678,3.1111987998335726,21,4.76,0.0,4.76,0.0,4.76,0.0
35,SHEM_19_3,Alcide,0,0,4.1588830833596715,4.852030263919617,1,0,2.8903717578961645,3.439677902230219,2,0,2.7136130433537238,3.3805693351301525,64,0.0,0.0,1.56,0.0,3.12,0.0
36,ATL_20_9,Isaias,0,0,9.566711973364121,11.055660488544095,0,0,8.026061256550982,9.584636703381712,6,0,7.143661639957846,8.966622947161621,203,0.0,0.0,0.0,0.0,2.96,0.0
37,EPAC_12_7,Gilma,2,1,2.7204727211007667,3.125937829208931,0,0,4.852030263919617,5.891751034759535,0,0,4.145910871499797,5.3673071162447705,5,40.0,20.0,0.0,0.0,0.0,0.0
38,IO_13_6,Madi,0,0,3.6527404074980634,4.163566031264054,0,0,3.060270794691562,3.550685421197425,0,0,2.926542850139783,3.5807458326879886,25,0.0,0.0,0.0,0.0,0.0,0.0
39,SHEM_19_12,Funani,0,0,4.8224384870796335,5.42857429064995,1,0,4.382026634673881,5.075173815233827,1,0,4.395246313184693,5.454042839279934,33,0.0,0.0,3.03,0.0,3.03,0.0
40,EPAC_16_5,Darby,0,0,5.7304047319156055,6.737856242186737,2,0,4.840172000610959,5.775561928596671,2,0,4.842207951170193,6.216994572970317,42,0.0,0.0,4.76,0.0,4.76,0.0
41,SHEM_18_12,Hola,0,0,8.106449531363744,9.142869960187983,0,0,7.107505880414259,8.224618018114008,0,0,6.855394225275944,8.364648247917621,178,0.0,0.0,0.0,0.0,0.0,0.0
42,EPAC_17_9,Hilary,0,0,2.7204727211007667,3.125937829208931,1,0,2.525728644308255,2.9838740102453327,1,0,2.343750456503463,2.909583140466223,29,0.0,0.0,3.45,0.0,3.45,0.0
43,WPAC_14_15,Kalmaegi,0,0,5.772496081424606,6.666313957446702,0,0,4.795790545596741,5.648164591715954,0,0,4.373332045462392,5.463073255099472,65,0.0,0.0,0.0,0.0,0.0,0.0
44,EPAC_19_6,Erick,0,0,5.986781599203601,6.862250336557501,4,0,5.0106352940962555,5.815354250313306,4,0,5.047547935498888,6.285002923011245,133,0.0,0.0,3.01,0.0,3.01,0.0
45,EPAC_16_17,Paine,0,0,2.4260151319598084,2.772588722239781,0,0,2.1910133173369406,2.5654798515311894,0,0,2.042409765814157,2.515861319387001,4,0.0,0.0,0.0,0.0,0.0,0.0
46,EPAC_18_17,Olivia,0,0,8.255033082492425,9.659027020711715,0,0,6.99301512293296,8.394695313386226,0,0,5.68665576337322,7.128875159979913,53,0.0,0.0,0.0,0.0,0.0,0.0
47,ATL_14_1,Arthur,4,0,5.7304047319156055,6.737856242186737,0,0,7.8366464574313,9.622521276649138,3,0,6.320586120354628,8.229394634829323,66,6.06,0.0,0.0,0.0,4.55,0.0
48,SHEM_16_15,Emeraude,4,0,4.1588830833596715,4.852030263919617,4,4,3.697178256928632,4.346819748993762,4,0,3.926248827096214,5.0079524601895065,79,5.06,0.0,5.06,5.06,5.06,0.0
49,IO_17_3,Ockhi,2,0,6.242778975388888,7.316996181972282,9,2,5.2574953720277815,6.2972161428677005,9,0,5.364946093391742,6.911147701715127,110,1.82,0.0,8.18,1.82,8.18,0.0
50,SHEM_19_25,Lorna,0,0,7.1904149826497505,8.311006178036635,0,0,5.913503005638271,7.045305166767865,0,0,5.1460065469570075,6.425836189299589,99,0.0,0.0,0.0,0.0,0.0,0.0
51,IO_10_1,Laila,0,0,6.757534998339893,7.7871544155210515,0,0,5.865050622252323,6.883373410508391,0,0,5.296418890518127,6.574623225546873,115,0.0,0.0,0.0,0.0,0.0,0.0
52,SHEM_19_16,Pola,4,2,2.7204727211007667,3.125937829208931,0,0,4.722953221644475,5.730404731915607,0,0,3.7848890128294785,4.876256361302829,17,23.53,11.76,0.0,0.0,0.0,0.0
53,SHEM_20_3,Ambali,2,2,2.7204727211007667,3.125937829208931,3,2,2.525728644308255,2.9838740102453327,2,0,2.8318629809528804,3.5989930517915587,40,5.0,5.0,7.5,5.0,5.0,0.0
54,ATL_19_10,Jerry,0,0,10.942934979382636,12.718820099453401,0,0,9.263756743925084,11.059835544486397,0,0,7.760831146198931,9.735643483217292,192,0.0,0.0,0.0,0.0,0.0,0.0
55,EPAC_20_8,Douglas,6,6,1.7068099508303562,1.9095425048844386,1,0,2.4141568686511503,2.8444092906739518,2,0,2.3794022340175873,2.9907668343957683,34,17.65,17.65,2.94,0.0,5.88,0.0
56,WPAC_12_10,Saola,0,0,4.108544299482949,4.710530701645917,2,0,3.541044179257261,4.22767685967483,2,0,3.548091016995114,4.4739543640306145,26,0.0,0.0,7.69,0.0,7.69,0.0
57,WPAC_17_21,Doksuri,2,1,2.7204727211007667,3.125937829208931,2,0,2.8903717578961645,3.439677902230219,2,0,2.702944257733635,3.3984024642503545,29,6.9,3.45,6.9,0.0,6.9,0.0
58,SHEM_13_13,Felleng,1,0,3.0081547935525483,3.413619901660713,5,1,2.6390573296152584,3.024168589852046,2,0,2.9236420981422784,3.604032640862325,55,1.82,0.0,9.09,1.82,3.64,0.0
59,ATL_10_13,Karl,0,0,6.275592185035179,7.268843958045462,4,0,5.2053793708887675,6.160150623330987,3,0,5.2785188287850495,6.685786236170838,65,0.0,0.0,6.15,0.0,4.62,0.0
60,SHEM_19_20,Trevor,0,0,7.624618986159398,9.010913347279288,0,0,6.041444479413003,7.3785188041262675,3,0,5.1383816429459985,6.584853863415226,97,0.0,0.0,0.0,0.0,3.09,0.0
61,ATL_20_27,Epsilon,0,0,7.595027209319415,8.894310193449677,0,0,5.982687967484187,7.203706887188208,1,0,5.2393702121303525,6.620896017027464,72,0.0,0.0,0.0,0.0,1.39,0.0
62,SHEM_10_3,Cleo,0,0,4.1588830833596715,4.852030263919617,2,0,3.465735902799726,4.158883083359671,2,0,3.290272507799229,4.14487554217384,50,0.0,0.0,4.0,0.0,4.0,0.0
63,WPAC_16_12,Lionrock,0,0,5.335101590604128,6.182399450991332,1,0,4.567814399444323,5.435114927138376,3,0,4.1468402900732855,5.209828377547799,101,0.0,0.0,0.99,0.0,2.97,0.0
64,SHEM_12_10,Jasmine,3,0,4.1588830833596715,4.852030263919617,0,0,5.0288923251075985,6.112828611244511,2,0,4.46465926732209,5.734029670125473,56,5.36,0.0,0.0,0.0,3.57,0.0
65,IO_20_4,Nivar,1,0,5.335101590604128,6.182399450991332,4,0,4.91900287823256,5.856120396095437,4,0,4.928103413936587,6.259386555448533,62,1.61,0.0,6.45,0.0,6.45,0.0
66,EPAC_11_11,Irwin,0,0,10.96240852709412,12.785568446941689,0,0,9.045239974541722,10.829706848402527,0,0,7.906256261716205,9.996606439374252,48,0.0,0.0,0.0,0.0,0.0,0.0
67,WPAC_17_24,Khanun,2,0,4.716741961645196,5.521460917862246,1,0,5.17237614319019,6.19081710682071,2,0,4.88643179601587,6.263801211012655,38,5.26,0.0,2.63,0.0,5.26,0.0
68,ATL_10_20,Shary,0,0,6.59167373200866,7.690286020676769,0,0,6.278521424165845,7.573498708040279,1,0,5.5123821908888235,7.0268594066549,39,0.0,0.0,0.0,0.0,2.56,0.0
69,WPAC_19_19,Mitag,4,4,2.7204727211007667,3.125937829208931,3,3,3.7485111645273452,4.461669022005674,1,0,4.792639293989913,6.2641707197026895,19,21.05,21.05,15.79,15.79,5.26,0.0
70,WPAC_20_10,Maysak,0,0,5.954982604159606,6.976519552914087,2,0,4.68213122712422,5.578010961738247,2,0,4.426218752284328,5.626911831566514,74,0.0,0.0,2.7,0.0,2.7,0.0
71,ATL_20_19,Sally,0,0,8.901160577967946,10.359505111074714,0,0,7.9230377172060695,9.417319609243759,1,0,7.225276250253929,9.121601608729183,106,0.0,0.0,0.0,0.0,0.94,0.0
72,WPAC_11_8,Ma-On,11,11,0.6931471805599453,0.6931471805599453,0,0,3.091042453358316,3.6905162715579087,0,0,2.890188907600189,3.684846044097458,23,47.83,47.83,0.0,0.0,0.0,0.0
73,WPAC_13_29,Krosa,2,0,4.1588830833596715,4.852030263919617,4,2,3.498569420058412,4.149241841419508,3,0,3.9211091759561407,5.014056312072196,35,5.71,0.0,11.43,5.71,8.57,0.0
74,EPAC_16_15,Newton,0,0,7.5322470359409595,8.539698546212092,0,0,6.025280664162919,6.921769265056271,0,0,5.739306291818142,6.969430624383559,16,0.0,0.0,0.0,0.0,0.0,0.0
75,EPAC_16_7,Frank,0,0,7.355006437015553,8.485887986252447,0,0,6.034523799177046,7.129400173563161,0,0,5.904155414287324,7.421014541338714,66,0.0,0.0,0.0,0.0,0.0,0.0
76,ATL_18_8,Helene,0,0,5.513511020103391,6.321345251195759,0,0,4.652799258057107,5.445566195948233,0,0,4.547939615048207,5.652540021431662,8,0.0,0.0,0.0,0.0,0.0,0.0
77,ATL_18_2,Beryl,0,0,8.04985561010431,9.140099649101902,0,0,6.940835738294364,8.144982767611785,0,0,6.654653566288577,8.275332395982865,43,0.0,0.0,0.0,0.0,0.0,0.0
78,ATL_17_13,Katia,0,0,5.27460083993072,6.190891571804875,5,1,3.9120230054281464,4.716741961645196,4,0,4.128977693623676,5.2956686910212465,45,0.0,0.0,11.11,2.22,8.89,0.0
79,SHEM_16_19,Fantala,5,3,2.7204727211007667,3.125937829208931,13,8,2.0794415416798357,2.4260151319598084,6,3,2.494251320026878,3.1268537004898267,153,3.27,1.96,8.5,5.23,3.92,1.96
80,EPAC_15_19,Olaf,0,0,6.897189362078098,8.011136462274326,0,0,5.833423773621243,6.945206126746581,0,0,5.033171437943711,6.320622958352576,88,0.0,0.0,0.0,0.0,0.0,0.0
81,EPAC_19_2,Barbara,0,0,6.108446942080879,7.004326676694907,1,0,4.5524899281591775,5.344038819919,1,0,4.3472558005914,5.385805671920654,58,0.0,0.0,1.72,0.0,1.72,0.0
82,WPAC_10_15,Megi,1,0,5.967748020490667,6.884038752364822,2,0,5.416100402204421,6.423551912475553,7,0,5.042576119153571,6.323597961855304,213,0.47,0.0,0.94,0.0,3.29,0.0
83,WPAC_18_25,Jebi,4,0,4.1588830833596715,4.852030263919617,5,0,4.105394398408686,4.857089925843829,5,0,4.074380652765557,5.18058256690487,139,2.88,0.0,3.6,0.0,3.6,0.0
84,IO_18_7,Gaja,0,0,6.855075021153224,8.006367567650248,1,0,5.953487835131547,7.095286203634461,2,0,5.373681772187164,6.795819653652368,124,0.0,0.0,0.81,0.0,1.61,0.0
85,WPAC_20_16,Chan-Hom,0,0,6.828193538958447,7.959595650449548,0,0,5.5402706337554,6.701368358540743,0,0,5.079668059861939,6.4609347300810605,19,0.0,0.0,0.0,0.0,0.0,0.0
86,SHEM_19_6,Kenanga,4,3,2.537022650927015,2.8247047233787956,3,2,2.793208009442517,3.216856939636119,2,0,3.0005273084883948,3.7205952577329082,43,9.3,6.98,6.98,4.65,4.65,0.0
87,SHEM_16_13,Uriah,0,0,4.1588830833596715,4.852030263919617,1,1,3.3218948665738353,3.9790817880773077,1,0,3.292463090989388,4.170352142174062,26,0.0,0.0,3.85,3.85,3.85,0.0
88,WPAC_11_22,Nalgae,0,0,6.87935580446044,7.977968093128549,0,0,6.312188426761056,7.543661943171347,2,0,5.546234283512309,6.994636372311234,87,0.0,0.0,0.0,0.0,2.3,0.0
89,ATL_19_2,Barry,0,0,5.939765125854185,6.904846021897772,1,0,4.567814399444323,5.435114927138376,3,0,4.3615643671892945,5.489521451164391,49,0.0,0.0,2.04,0.0,6.12,0.0
90,SHEM_19_18,Idai,1,0,3.4396779022302186,3.988984046564273,1,0,3.453877639491069,4.042693977196809,1,0,3.5454537402870585,4.479653787416076,14,7.14,0.0,7.14,0.0,7.14,0.0
91,ATL_16_5,Earl,0,0,6.87935580446044,7.977968093128549,1,0,6.490419998303486,7.710665519770833,3,0,6.035921394816128,7.614825041085714,99,0.0,0.0,1.01,0.0,3.03,0.0
92,SHEM_15_21,Ikola,0,0,7.118476310297791,8.322449114623726,0,0,7.090076835776092,8.587942972553087,0,0,5.539599559643609,7.0280210020616085,69,0.0,0.0,0.0,0.0,0.0,0.0
93,IO_19_5,Maha,0,0,8.030084094267563,9.416378455387454,2,0,6.685028307553143,8.081632312274403,5,0,5.968312904835962,7.641043937546959,121,0.0,0.0,1.65,0.0,4.13,0.0
94,WPAC_19_25,Nakri,0,0,5.27460083993072,6.190891571804875,1,0,4.436751534363128,5.3726526228139235,1,0,4.238875481460524,5.423192360059533,37,0.0,0.0,2.7,0.0,2.7,0.0
95,ATL_19_18,Pablo,0,0,6.186208623900493,7.284820912568602,0,0,5.2574953720277815,6.2972161428677005,0,0,4.756940819319254,6.063573415527462,21,0.0,0.0,0.0,0.0,0.0,0.0
96,IO_19_3,Hikaa,1,1,2.537022650927015,2.8247047233787956,2,1,2.322996090254173,2.6797751791642095,1,1,2.7818776198385864,3.4775997921888284,23,4.35,4.35,8.7,4.35,4.35,4.35
97,WPAC_13_28,Lekima,0,0,8.460669869980055,9.79196378349278,0,0,6.505936111248735,7.785846548780945,0,0,5.645977750856794,7.096644072069649,88,0.0,0.0,0.0,0.0,0.0,0.0
98,ATL_20_20,Twenty,1,0,4.1588830833596715,4.852030263919617,3,1,3.3322045101752034,3.991968842579018,3,1,3.3756690249439734,4.2823677273687775,67,1.49,0.0,4.48,1.49,4.48,1.49
99,ATL_20_20,Teddy,1,0,4.1588830833596715,4.852030263919617,3,1,3.3322045101752034,3.991968842579018,3,1,3.3756690249439734,4.2823677273687775,67,1.49,0.0,4.48,1.49,4.48,1.49
100,WPAC_12_12,Haikui,0,0,0.6931471805599453,0.6931471805599453,0,0,0.6931471805599453,0.6931471805599453,0,0,,,1,0.0,0.0,0.0,0.0,0.0,0.0
101,WPAC_19_2,Wutip,0,0,9.148223400981477,10.61603757572362,0,0,7.63221033087248,9.053785376326772,2,0,6.964226035989046,8.767725991304832,148,0.0,0.0,0.0,0.0,1.35,0.0
102,ATL_16_9,Hermine,6,4,4.564348191467836,5.2574953720277815,4,3,5.493061443340549,6.591673732008658,4,1,5.847887876083304,7.602352460788128,49,12.24,8.16,8.16,6.12,8.16,2.04
103,ATL_17_7,Franklin,0,0,6.145198647050024,7.195020771548702,0,0,5.087596335232384,6.186208623900493,1,0,4.329667513607291,5.497910318814236,43,0.0,0.0,0.0,0.0,2.33,0.0
104,WPAC_13_19,Pabuk,0,0,6.956962023036786,8.209724991532154,0,0,7.086195140467174,8.633773991930461,0,0,6.588208014568253,8.539043554761061,27,0.0,0.0,0.0,0.0,0.0,0.0
105,WPAC_14_11,Halong,2,0,5.27460083993072,6.190891571804875,7,3,4.142448384485547,4.903407408439906,6,1,4.363778593217948,5.571737981251852,106,1.89,0.0,6.6,2.83,5.66,0.94
106,ATL_17_14,Lee,0,0,5.971261839790463,6.944216914318119,2,1,4.797931040257348,5.6688203395699475,5,1,4.521377778265697,5.6817767774900405,152,0.0,0.0,1.32,0.66,3.29,0.66
107,ATL_10_7,Earl,0,0,6.591673732008658,7.690286020676767,4,0,5.417580787374854,6.4973229120515406,7,1,4.925666947847199,6.216233106807372,191,0.0,0.0,2.09,0.0,3.66,0.52
108,SHEM_11_10,Bianca,0,0,6.792344427470809,7.890956716138918,1,0,5.565796731682298,6.682592842435845,1,0,4.976226515186352,6.281576972080773,45,0.0,0.0,2.22,0.0,2.22,0.0
109,ATL_10_12,Julia,0,0,6.186208623900493,7.284820912568602,1,0,5.295814236329917,6.44648100027241,3,0,4.750062695052067,6.073002014468129,83,0.0,0.0,1.2,0.0,3.61,0.0
110,SHEM_10_8,Magda,0,0,7.0933504706640385,8.292298107063225,0,0,6.69980817454921,8.028186627906539,1,0,5.907834201858515,7.541625921261687,36,0.0,0.0,0.0,0.0,2.78,0.0
111,ATL_20_29,Twenty-Nin,0,0,11.56672362959945,13.39042514670398,0,0,9.774168688339289,11.581476190288324,0,0,8.659291347035301,10.852507824931195,192,0.0,0.0,0.0,0.0,0.0,0.0
112,ATL_20_29,Eta,0,0,11.56672362959945,13.39042514670398,0,0,9.774168688339289,11.581476190288324,0,0,8.659291347035301,10.852507824931195,192,0.0,0.0,0.0,0.0,0.0,0.0
113,EPAC_11_10,Jova,0,0,10.223270901139617,11.946037498880722,0,0,8.230523939222149,9.885795445919161,0,0,6.9992975126098695,8.822180663929192,145,0.0,0.0,0.0,0.0,0.0,0.0
114,WPAC_15_22,Mujigae,0,0,4.1588830833596715,4.852030263919617,2,0,3.1986731175506815,3.8250546017983655,2,0,3.185236761797539,4.014728423786106,27,0.0,0.0,7.41,0.0,7.41,0.0
115,SHEM_13_21,Imelda,0,0,5.172754143572691,5.890296406217352,5,0,4.703164059766976,5.476595596600196,5,0,4.650537046315051,5.796969544293768,130,0.0,0.0,3.85,0.0,3.85,0.0
116,WPAC_13_26,Francisco,0,0,7.176582462452609,8.209597468634906,0,0,6.003887067106539,7.102499355774649,0,0,5.393396277025977,6.660051748710526,145,0.0,0.0,0.0,0.0,0.0,0.0
117,SHEM_18_6,Berguitta,0,0,7.629718513948996,8.987841998102189,0,0,6.068425588244111,7.310878913138111,2,0,5.43164054792727,6.926377182506137,49,0.0,0.0,0.0,0.0,4.08,0.0
118,ATL_15_11,Joaquin,0,0,6.2325784721862,7.097575909672804,3,0,5.342249913599089,6.191334854735032,3,0,5.257116225865786,6.4753349927443935,216,0.0,0.0,1.39,0.0,1.39,0.0
119,ATL_20_13,Laura,0,0,9.352806219675086,10.84918381709724,0,0,7.907908651305807,9.3650254287123,2,0,6.9053951938013824,8.621273992596215,204,0.0,0.0,0.0,0.0,0.98,0.0
120,SHEM_19_15,Oma,0,0,7.355273299152629,8.594617805741194,0,0,6.233342688479429,7.389318882490762,0,0,5.704303950655936,7.206770369891746,54,0.0,0.0,0.0,0.0,0.0,0.0
121,SHEM_15_10,Ola,2,1,4.1588830833596715,4.852030263919617,2,0,4.388237894673161,5.312010573201464,2,0,4.467034927577314,5.75530016776981,40,5.0,2.5,5.0,0.0,5.0,0.0
122,WPAC_17_33,Tembin,0,0,7.6632986583140905,8.806362709553035,5,0,6.633976111699347,7.772609754204225,5,0,6.767747905677902,8.507846640975643,133,0.0,0.0,3.76,0.0,3.76,0.0
123,WPAC_19_28,Fung-Wong,0,0,6.843269042738699,7.97969632215655,0,0,5.575460583322403,6.622752138873031,1,0,5.009504321078399,6.280538292880207,34,0.0,0.0,0.0,0.0,2.94,0.0
124,WPAC_19_22,Bualoi,0,0,5.252624441793185,6.079303014977653,4,0,4.179502370562409,4.949724891035983,5,0,4.017957562897546,5.018139767388268,149,0.0,0.0,2.68,0.0,3.36,0.0
125,WPAC_15_13,Soudelor,0,0,6.823014050527046,7.9075409007118065,0,0,5.365248074690898,6.35998650308365,0,0,4.780344462846475,5.936587034969464,80,0.0,0.0,0.0,0.0,0.0,0.0
126,SHEM_15_12,Lam,0,0,7.953687309821334,9.104979856318359,0,0,6.72218206065768,7.853421431488045,0,0,6.167563845712625,7.605206274062979,76,0.0,0.0,0.0,0.0,0.0,0.0
127,CPAC_15_4,Loke,0,0,6.186208623900493,7.284820912568602,1,0,4.412798293340636,5.342711071535808,2,0,4.13166148207881,5.282398993241646,31,0.0,0.0,3.23,0.0,6.45,0.0
128,SHEM_11_19,Bune,2,2,0.6931471805599453,0.6931471805599453,2,2,1.039720770839918,1.126364168409911,1,0,3.472922932857662,4.615858076595181,8,25.0,25.0,25.0,25.0,12.5,0.0
129,WPAC_20_3,Hagupit,0,0,5.27460083993072,6.190891571804875,0,0,4.0312864262549635,4.764454960651678,0,0,3.9737752693805275,5.014703464027603,9,0.0,0.0,0.0,0.0,0.0,0.0
130,WPAC_20_3,Three,0,0,5.27460083993072,6.190891571804875,0,0,4.0312864262549635,4.764454960651678,0,0,3.9737752693805275,5.014703464027603,9,0.0,0.0,0.0,0.0,0.0,0.0
131,WPAC_17_20,Talim,0,0,8.030084094267563,9.416378455387454,0,0,7.5709286699736875,9.135067376715373,1,0,6.637892882733493,8.505825288452051,124,0.0,0.0,0.0,0.0,0.81,0.0
132,EPAC_12_9,Ileana,1,1,2.7204727211007667,3.125937829208931,1,1,2.525728644308255,2.9838740102453327,1,1,2.6973971781287434,3.43672568222129,17,5.88,5.88,5.88,5.88,5.88,5.88
133,SHEM_17_15,Ernie,0,0,4.718498871295096,5.411646051855041,1,0,3.891820298110627,4.518201782358311,2,0,3.7951196142591113,4.676813971129738,100,0.0,0.0,1.0,0.0,2.0,0.0
134,EPAC_15_17,Marty,0,0,10.379431672537205,11.872609778855445,0,0,8.684006604267797,10.139560117590698,0,0,7.998327016305833,9.901105124712007,111,0.0,0.0,0.0,0.0,0.0,0.0
135,ATL_19_13,Lorenzo,0,0,2.7204727211007667,3.125937829208931,3,0,2.525728644308255,2.9838740102453327,1,0,2.648261392840937,3.321095437917763,33,0.0,0.0,9.09,0.0,3.03,0.0
136,SHEM_15_4,Kate,0,0,6.59167373200866,7.690286020676769,1,0,5.2574953720277815,6.2972161428677005,2,0,4.803229574696113,6.048038505735983,106,0.0,0.0,0.94,0.0,1.89,0.0
137,WPAC_19_20,Hagibis,0,0,6.59167373200866,7.690286020676769,0,0,5.8944028342648505,7.093350470664037,1,0,4.987399614918457,6.300064272863194,97,0.0,0.0,0.0,0.0,1.03,0.0
138,WPAC_20_1,Vongfong,3,1,4.382026634673883,5.075173815233828,10,4,3.697178256928632,4.346819748993762,5,1,4.024092351538767,5.086621925509158,95,3.16,1.05,10.53,4.21,5.26,1.05
139,SHEM_10_23,Robyn,0,0,4.1588830833596715,4.852030263919617,0,0,4.481435962040354,5.352483449640176,1,0,3.7678304530058657,4.760483503871837,36,0.0,0.0,0.0,0.0,2.78,0.0
140,WPAC_11_11,Muifa,0,0,6.59167373200866,7.690286020676769,0,0,5.605802066295997,6.660678992590023,0,0,4.979083251637682,6.247248286413049,99,0.0,0.0,0.0,0.0,0.0,0.0
141,SHEM_12_8,Funso,1,0,2.2493405784752336,2.537022650927015,1,0,2.0794415416798357,2.4260151319598084,1,0,2.0032170407033774,2.433965279612176,17,5.88,0.0,5.88,0.0,5.88,0.0
142,WPAC_16_15,Namtheun,0,0,4.564348191467836,5.2574953720277815,1,0,3.947759383923381,4.660046157737199,3,0,3.6817435309935167,4.612968809012612,86,0.0,0.0,1.16,0.0,3.49,0.0
143,WPAC_14_19,Vongfong,0,0,6.855496566520932,7.928133368785781,1,0,5.665734407018671,6.679808530664813,5,0,5.368812351523168,6.721592801976508,135,0.0,0.0,0.74,0.0,3.7,0.0
144,EPAC_14_11,Karina,0,0,7.595027209319415,8.894310193449677,3,0,6.270988431858299,7.4921619495429015,5,0,5.80230908869253,7.368900793303829,137,0.0,0.0,2.19,0.0,3.65,0.0
145,ATL_20_16,Nana,0,0,10.345524376036202,11.896121788447369,0,0,8.90092759245422,10.57685334623372,0,0,7.884307060558454,9.851360526758732,97,0.0,0.0,0.0,0.0,0.0,0.0
146,ATL_15_12,Kate,0,0,5.335101590604128,6.182399450991332,3,0,4.702750514326955,5.531864552628722,3,0,4.832534636470023,6.0989727739414406,41,0.0,0.0,7.32,0.0,7.32,0.0
147,IO_11_6,Thane,5,2,2.7204727211007667,3.125937829208931,0,0,3.465735902799726,4.158883083359671,2,0,3.048008791116305,3.819771332556364,55,9.09,3.64,0.0,0.0,3.64,0.0
148,WPAC_19_14,Faxai,0,0,4.1588830833596715,4.852030263919617,3,0,3.7013019741124937,4.45334067250063,5,0,3.610793983720284,4.585471973375228,68,0.0,0.0,4.41,0.0,7.35,0.0
149,SHEM_11_17,Atu,0,0,9.532847530447858,10.868645727553217,0,0,8.220044226791531,9.72574913915536,0,0,7.370892609262636,9.180768844347538,107,0.0,0.0,0.0,0.0,0.0,0.0
150,SHEM_14_17,Gillian,0,0,5.577666202721927,6.350856090955409,2,0,4.724433606814909,5.457602141211623,2,0,4.653980117218994,5.739379094619173,97,0.0,0.0,2.06,0.0,2.06,0.0
151,ATL_11_16,Ophelia,0,0,6.002758553726741,6.983587806738466,4,0,5.417580787374854,6.4973229120515406,7,0,5.176780368986654,6.579872064814577,159,0.0,0.0,2.52,0.0,4.4,0.0
152,SHEM_16_9,Stan,0,0,5.335101590604128,6.182399450991332,2,0,4.790265669664771,5.713179014913936,2,0,4.74091383850993,6.033200989180067,37,0.0,0.0,5.41,0.0,5.41,0.0
153,ATL_12_13,Michael,19,13,2.7204727211007667,3.125937829208931,13,5,3.121597777637052,3.7287104269063285,7,0,3.4679750171317307,4.4387264700723446,122,15.57,10.66,10.66,4.1,5.74,0.0
154,WPAC_13_20,Wutip,0,0,5.252624441793185,6.079303014977653,1,0,4.31748811353631,5.122207069753361,2,0,3.9507389225590135,4.930968025519483,63,0.0,0.0,1.59,0.0,3.17,0.0
155,ATL_20_26,Delta,0,0,8.919997897943539,10.331112330548997,0,0,7.539984044572665,9.022620577607306,3,0,6.626615662691792,8.330468269704866,168,0.0,0.0,0.0,0.0,1.79,0.0
156,SHEM_10_20,Ului,0,0,7.1976868194825085,8.421462251104625,0,0,6.557291595042683,7.921961421636327,1,0,5.62787015820334,7.15465404153581,112,0.0,0.0,0.0,0.0,0.89,0.0
157,EPAC_18_15,Miriam,0,0,7.79020404361232,9.060742504239848,0,0,6.484026555755279,7.702673716585574,1,0,5.883171718287748,7.386922067462672,88,0.0,0.0,0.0,0.0,1.14,0.0
158,SHEM_19_22,Joaninha,1,1,2.7204727211007667,3.125937829208931,1,0,2.8903717578961645,3.439677902230219,1,0,2.8593946445656795,3.598125711383963,33,3.03,3.03,3.03,0.0,3.03,0.0
159,SHEM_17_4,Carlos,0,0,6.59167373200866,7.690286020676769,5,0,5.318728363808164,6.373757382593177,6,0,5.019666391539765,6.349294695774528,146,0.0,0.0,3.42,0.0,4.11,0.0
160,ATL_12_18,Sandy,0,0,4.1588830833596715,4.852030263919617,0,0,4.280868647589449,5.101774306576544,0,0,3.522884891613099,4.439762980094365,20,0.0,0.0,0.0,0.0,0.0,0.0
161,WPAC_10_3,Conson,0,0,6.697034247666484,7.795646536334593,2,0,5.966146739123692,7.111109833624642,6,0,5.618997412516688,7.119579761914419,195,0.0,0.0,1.03,0.0,3.08,0.0
162,ATL_18_6,Florence,5,0,5.668930072165434,6.582993628864898,13,4,4.917247340524588,5.871906103488708,13,1,4.84021976126985,6.153824298411209,268,1.87,0.0,4.85,1.49,4.85,0.37
163,ATL_15_4,Danny,0,0,6.87935580446044,7.977968093128549,2,0,5.9589413554024215,7.0463172161445025,4,0,5.741565430236541,7.258306692536015,65,0.0,0.0,3.08,0.0,6.15,0.0
164,WPAC_14_10,Matmo,0,0,7.595027209319415,8.894310193449677,0,0,6.774163438259345,8.193051225657154,0,0,5.596799152846419,7.086838050700866,130,0.0,0.0,0.0,0.0,0.0,0.0
165,WPAC_20_15,Kujira,5,2,2.7204727211007667,3.125937829208931,2,1,3.524627420627918,4.232497480644911,2,0,3.480276458954245,4.442781348085202,32,15.62,6.25,6.25,3.12,6.25,0.0
166,WPAC_20_15,Fifteen,5,2,2.7204727211007667,3.125937829208931,2,1,3.524627420627918,4.232497480644911,2,0,3.480276458954245,4.442781348085202,32,15.62,6.25,6.25,3.12,6.25,0.0
167,WPAC_13_6,Rumbia,0,0,4.763267353891182,5.551724714255452,0,0,4.790265669664771,5.713179014913936,1,0,4.415922574413132,5.614183842739568,56,0.0,0.0,0.0,0.0,1.79,0.0
168,SHEM_18_21,Flamboyan,0,0,5.578010961738248,6.473890696352275,0,0,4.619463914414048,5.601043097877573,0,0,3.843612882069948,4.851552315289064,16,0.0,0.0,0.0,0.0,0.0,0.0
169,SHEM_17_9,Enawo,8,8,0.6931471805599453,0.6931471805599453,0,0,2.0794415416798357,2.4260151319598084,1,0,1.9054680578078882,2.3387791556521,18,44.44,44.44,0.0,0.0,5.56,0.0
170,ATL_12_11,Kirk,4,0,5.335101590604128,6.182399450991332,12,5,4.50258359721299,5.281655906236265,9,0,4.8875698826070435,6.207460490432123,133,3.01,0.0,9.02,3.76,6.77,0.0
171,EPAC_12_3,Carlotta,0,0,9.771617565608643,11.506218620996748,0,0,7.049254841255836,8.638281756429809,0,0,6.4467061609745,8.262072662926156,41,0.0,0.0,0.0,0.0,0.0,0.0
172,EPAC_13_13,Manuel,0,0,9.952733743058705,11.64662092372371,0,0,7.955716704320201,9.669992808233223,0,0,6.718705099522289,8.530642681770324,58,0.0,0.0,0.0,0.0,0.0,0.0
173,SHEM_12_9,Iggy,0,0,8.343386771824996,9.78873796735584,0,0,6.8975334459566575,8.347263735278796,1,0,5.8583506110311045,7.460522940144456,94,0.0,0.0,0.0,0.0,1.06,0.0
174,WPAC_19_27,Kalmaegi,4,3,2.7204727211007667,3.125937829208931,4,3,2.7080502011022096,3.2117759562377755,2,0,3.5618616047456415,4.5822286941871315,27,14.81,11.11,14.81,11.11,7.41,0.0
175,ATL_11_9,Irene,2,0,4.1588830833596715,4.852030263919617,6,2,3.58351893845611,4.306111877930151,6,2,3.550330839585738,4.505166133194303,107,1.87,0.0,5.61,1.87,5.61,1.87
176,WPAC_15_2,Higos,0,0,8.33253016067009,9.830396297447086,0,0,6.611520472578887,7.98974751855658,0,0,5.617142726393785,7.1454688976485805,30,0.0,0.0,0.0,0.0,0.0,0.0
177,EPAC_15_2,Blanca,0,0,5.094528751185358,5.848300553561738,0,0,4.772530537779295,5.619089581944146,2,0,4.495246722442875,5.59284372388046,54,0.0,0.0,0.0,0.0,3.7,0.0
178,WPAC_12_15,Tembin,0,0,5.27460083993072,6.190891571804875,9,5,3.9120230054281464,4.716741961645196,9,1,3.912639096576619,4.9902630701702835,203,0.0,0.0,4.43,2.46,4.43,0.49
179,IO_16_5,Vardah,0,0,6.359898210531538,7.350398944964829,3,0,5.272813856758726,6.188657842839883,3,0,5.327167324335266,6.694990660651007,118,0.0,0.0,2.54,0.0,2.54,0.0
180,WPAC_19_11,Krosa,1,1,2.7204727211007667,3.125937829208931,1,0,3.0304369992400746,3.614759453910107,1,0,3.115208005015953,3.9623189772509546,18,5.56,5.56,5.56,0.0,5.56,0.0
181,ATL_12_12,Leslie,0,0,7.624618986159398,9.010913347279288,0,0,6.040254711277414,7.377031593956781,1,0,5.077281217842674,6.504903242786339,171,0.0,0.0,0.0,0.0,0.58,0.0
182,SHEM_13_8,Narelle,5,1,4.564348191467836,5.2574953720277815,1,0,5.377619881636356,6.447371779878417,2,0,4.907601705256781,6.213425089884821,76,6.58,1.32,1.32,0.0,2.63,0.0
183,EPAC_15_1,Andres,0,0,5.27460083993072,6.190891571804875,1,0,4.653552020204245,5.542286953088279,4,0,4.374908226395915,5.570740537571498,62,0.0,0.0,1.61,0.0,6.45,0.0
184,WPAC_13_12,Trami,0,0,6.59167373200866,7.690286020676769,0,0,5.211305989558408,6.239479414780982,2,0,4.814169243333728,6.076703906878813,39,0.0,0.0,0.0,0.0,5.13,0.0
185,EPAC_16_20,Seymour,0,0,5.123547399518043,5.9179567121337255,2,0,4.0312864262549635,4.764454960651678,2,0,3.8422315240241147,4.783404031129621,92,0.0,0.0,2.17,0.0,2.17,0.0
186,SHEM_15_9,Eunice,0,0,4.184373300797004,4.743989088732427,0,0,3.697178256928632,4.346819748993762,1,0,3.330646236769155,4.08509410603799,42,0.0,0.0,0.0,0.0,2.38,0.0
187,ATL_17_12,Jose,2,0,7.3007978670917435,8.50477067141768,3,0,6.628041376179533,7.9384781299444445,17,0,6.1218140734067825,7.783013957251683,399,0.5,0.0,0.75,0.0,4.26,0.0
188,EPAC_15_10,Hilda,1,0,5.252624441793185,6.079303014977653,9,2,4.31748811353631,5.122207069753361,8,0,4.3871324170321655,5.545261783214979,144,0.69,0.0,6.25,1.39,5.56,0.0
189,SHEM_14_24,Jack,0,0,8.030084094267563,9.416378455387454,0,0,6.6283720093450516,7.938891421401342,0,0,5.453601862797878,6.90116032041347,61,0.0,0.0,0.0,0.0,0.0,0.0
190,ATL_18_9,Isaac,0,0,8.317766166719343,9.704060527839234,0,0,7.087740775978545,8.457316491864656,0,0,6.198858507493883,7.788809775951592,95,0.0,0.0,0.0,0.0,0.0,0.0
191,ATL_12_14,Nadine,1,0,5.27460083993072,6.190891571804875,2,0,5.140276593061297,6.252058946186635,5,0,4.741411503534312,6.09960759580056,120,0.83,0.0,1.67,0.0,4.17,0.0
192,SHEM_13_7,Dumile,0,0,4.1588830833596715,4.852030263919617,3,1,3.2369453481761377,3.7715286130531447,2,0,3.4348251612797016,4.327391684604686,34,0.0,0.0,8.82,2.94,5.88,0.0
193,ATL_10_14,Lisa,0,0,2.7204727211007667,3.125937829208931,1,0,2.0794415416798357,2.4260151319598084,1,0,2.031772340105967,2.4761670889955,23,0.0,0.0,4.35,0.0,4.35,0.0
194,SHEM_13_17,Rusty,18,18,0.6931471805599453,0.6931471805599453,8,7,1.5040773967762737,1.706809950830356,2,2,3.338563323278112,4.387206401366296,39,46.15,46.15,20.51,17.95,5.13,5.13
195,WPAC_17_11,Nesat,0,0,6.87935580446044,7.977968093128549,0,0,5.817706220974515,6.869773298109619,2,0,5.431903394216927,6.793527712649327,89,0.0,0.0,0.0,0.0,2.25,0.0
196,WPAC_12_2,Pakhar,8,8,0.6931471805599453,0.6931471805599453,0,0,4.436751534363128,5.3726526228139235,1,0,3.6080690987328823,4.652548263478549,18,44.44,44.44,0.0,0.0,5.56,0.0
197,SHEM_12_12,Giovanna,10,2,4.2991646590916,4.948806151156731,4,1,4.68213122712422,5.578010961738247,6,0,4.5364894995147305,5.772276977794107,116,8.62,1.72,3.45,0.86,5.17,0.0
198,SHEM_20_14,Damien,4,2,2.7204727211007667,3.125937829208931,1,0,3.688879454113936,4.437812522502433,2,0,3.55210435621973,4.523384388410246,23,17.39,8.7,4.35,0.0,8.7,0.0
199,WPAC_15_1,Mekkhala,0,0,9.096207624693307,10.402459278139661,0,0,7.549125231912328,8.78590570400581,0,0,7.052654828583988,8.714258554407444,47,0.0,0.0,0.0,0.0,0.0,0.0
200,SHEM_13_23,Zane,0,0,2.4260151319598084,2.772588722239781,0,0,3.0342127941220554,3.6194791975125824,0,0,2.671955187623148,3.3621409572308716,8,0.0,0.0,0.0,0.0,0.0,0.0
201,WPAC_11_12,Merbok,0,0,8.334484668545274,9.776868496316208,0,0,6.5245090955892575,7.817130094348795,0,0,5.184808098191939,6.468385184179941,19,0.0,0.0,0.0,0.0,0.0,0.0
202,WPAC_13_23,Danas,1,0,5.665510244030745,6.547304540161424,3,1,4.8284077284674085,5.688936070304289,2,0,4.970070727290363,6.265282823856664,60,1.67,0.0,5.0,1.67,3.33,0.0
203,WPAC_12_14,Kai-Tak,0,0,6.145331217717846,7.163772181348367,1,0,5.233677304236355,6.267443558128417,1,0,4.812314331829034,6.130761891981933,36,0.0,0.0,2.78,0.0,2.78,0.0
204,WPAC_14_9,Rammasun,3,0,5.27460083993072,6.190891571804875,10,4,4.142448384485547,4.903407408439906,5,2,4.511526517549935,5.795457590821505,138,2.17,0.0,7.25,2.9,3.62,1.45
205,WPAC_16_20,Megi,2,1,1.7068099508303562,1.9095425048844386,1,1,2.0794415416798357,2.4260151319598084,1,0,2.141958722571553,2.670544139465669,16,12.5,6.25,6.25,6.25,6.25,0.0
206,SHEM_17_16,Cook,0,0,8.541796563443562,9.972897003908294,0,0,7.071292646964629,8.492542218425815,0,0,5.842707372333679,7.334462234549784,74,0.0,0.0,0.0,0.0,0.0,0.0
207,WPAC_16_21,Chaba,0,0,5.465343326916779,6.297095893768967,1,0,4.605170185988091,5.409889142205142,1,0,4.318884961330308,5.37859780725954,132,0.0,0.0,0.76,0.0,0.76,0.0
208,WPAC_16_2,Nepartak,0,0,6.028248771164074,6.875546631551279,3,0,5.137669678098016,5.9855423276151285,4,0,4.967739409561989,6.143825664114221,176,0.0,0.0,1.7,0.0,2.27,0.0
209,EPAC_19_7,Flossie,0,0,8.189478467777837,9.551768219304547,0,0,6.695129661211903,8.094259004347851,1,0,5.794436167232229,7.328825302546794,104,0.0,0.0,0.0,0.0,0.96,0.0
210,EPAC_15_3,Carlos,18,16,2.7204727211007667,3.125937829208931,12,8,3.7013019741124937,4.45334067250063,7,1,4.560758828905016,5.986969625960161,94,19.15,17.02,12.77,8.51,7.45,1.06
211,WPAC_16_26,Meari,0,0,7.187657164114956,8.363344792696696,2,0,6.114804259775729,7.282985262482551,3,0,5.7746126096860255,7.303969439368942,78,0.0,0.0,2.56,0.0,3.85,0.0
212,WPAC_16_30,Nock-Ten,0,0,9.349741039313596,10.798339283769641,0,0,7.683418465945575,9.101104121090076,0,0,6.95345465050862,8.667966209384867,183,0.0,0.0,0.0,0.0,0.0,0.0
213,EPAC_19_1,Alvin,0,0,4.564348191467836,5.2574953720277815,1,0,3.655579264249186,4.320162577401216,1,0,3.5045644451271794,4.4075902228671024,20,0.0,0.0,5.0,0.0,5.0,0.0
214,EPAC_11_3,Calvin,0,0,7.639034501934385,8.82620018794394,0,0,6.30835862103487,7.3989707390297585,0,0,5.590863656011661,6.955644573895974,29,0.0,0.0,0.0,0.0,0.0,0.0
215,ATL_10_1,Alex,4,3,2.7204727211007667,3.125937829208931,3,2,3.265438813862943,3.908511722188692,3,0,3.4690465207161894,4.4444761727921565,40,10.0,7.5,7.5,5.0,7.5,0.0
216,SHEM_16_20,Amos,0,0,8.526323467847469,9.99814000240552,0,0,6.4457198193855785,7.782496702064945,1,0,5.570101495996441,7.081631684949018,91,0.0,0.0,0.0,0.0,1.1,0.0
217,EPAC_12_12,Lane,0,0,2.2493405784752336,2.537022650927015,0,0,1.5040773967762737,1.706809950830356,0,0,1.5912960330041925,1.8899627195486888,5,0.0,0.0,0.0,0.0,0.0,0.0
218,EPAC_18_24,Willa,0,0,7.815367465642654,8.880474399169284,0,0,6.695106588833555,7.732648565906156,0,0,6.079379299285241,7.327221489477503,88,0.0,0.0,0.0,0.0,0.0,0.0
219,IO_19_1,Fani,16,7,4.949724891035982,5.7199474115095565,21,15,4.31748811353631,5.122207069753361,16,0,5.002996120395472,6.40376026412038,184,8.7,3.8,11.41,8.15,8.7,0.0
220,WPAC_19_10,Lekima,3,2,2.7204727211007667,3.125937829208931,3,3,2.525728644308255,2.9838740102453327,2,0,3.193888126855923,4.06463407442161,29,10.34,6.9,10.34,10.34,6.9,0.0
221,SHEM_18_10,Kelvin,10,10,0.6931471805599453,0.6931471805599453,5,4,1.9356005054539454,2.2462138366774456,2,1,3.5351844271187343,4.656452935208337,26,38.46,38.46,19.23,15.38,7.69,3.85
222,SHEM_17_19,Ella,0,0,8.317766166719343,9.704060527839234,3,0,6.962480178671383,8.356526633059257,4,0,6.779272576130696,8.65045067684712,93,0.0,0.0,3.23,0.0,4.3,0.0
223,SHEM_16_6,Ula,0,0,5.940025469499822,6.938554299610948,2,0,4.722953221644475,5.730404731915607,2,0,4.422056152598079,5.6460820045078055,45,0.0,0.0,4.44,0.0,4.44,0.0
224,SHEM_15_24,Quang,0,0,4.1588830833596715,4.852030263919617,1,0,3.541044179257261,4.22767685967483,1,0,3.256033837210416,4.089525914793672,46,0.0,0.0,2.17,0.0,2.17,0.0
225,ATL_20_14,Marco,0,0,10.094306645017156,11.834009752289157,0,0,7.996064674654349,9.648507253037963,1,0,6.764857046108343,8.57574975382355,75,0.0,0.0,0.0,0.0,1.33,0.0
226,ATL_19_9,Humberto,5,2,2.7204727211007667,3.125937829208931,3,1,2.8903717578961645,3.439677902230219,3,1,2.900006581985533,3.6706880566765596,54,9.26,3.7,5.56,1.85,5.56,1.85
227,SHEM_12_1,Alenga,4,1,4.564348191467836,5.2574953720277815,2,0,5.0106352940962555,5.916720527340347,3,0,4.798251909195277,6.050294629820906,59,6.78,1.69,3.39,0.0,5.08,0.0
228,WPAC_12_11,Damrey,0,0,4.763267353891182,5.551724714255452,0,0,4.0312864262549635,4.764454960651678,1,0,3.3896584206641065,4.212154134681771,21,0.0,0.0,0.0,0.0,4.76,0.0
229,WPAC_17_7,Noru,1,0,4.763267353891182,5.551724714255452,3,1,3.697178256928632,4.346819748993762,3,1,3.685026479055007,4.640100278683588,102,0.98,0.0,2.94,0.98,2.94,0.98
230,WPAC_14_8,Neoguri,1,0,4.382026634673883,5.075173815233828,0,0,4.68213122712422,5.578010961738247,1,0,4.175206871314407,5.315678399718544,37,2.7,0.0,0.0,0.0,2.7,0.0
231,WPAC_13_25,Wipha,0,0,8.042923194151335,9.478007719440658,3,0,6.376726947898627,7.696255612706256,1,0,6.748440947715876,8.770256822896778,33,0.0,0.0,9.09,0.0,3.03,0.0
232,EPAC_15_13,Jimena,3,1,2.7204727211007667,3.125937829208931,1,0,3.524627420627918,4.232497480644911,1,0,3.1618670746649045,4.0266135946440915,36,8.33,2.78,2.78,0.0,2.78,0.0
233,SHEM_10_19,Tomas,1,0,2.7204727211007667,3.125937829208931,4,4,1.5040773967762737,1.706809950830356,2,0,2.4699197852576527,3.116763586014798,19,5.26,0.0,21.05,21.05,10.53,0.0
234,SHEM_18_7,Cebile,0,0,2.7204727211007667,3.125937829208931,0,0,2.6168894227052326,3.0978249832415545,0,0,2.2497885140301537,2.7571049564138077,20,0.0,0.0,0.0,0.0,0.0,0.0
235,WPAC_14_22,Hagupit,0,0,6.999028843368861,8.040482718197023,0,0,6.0322865416282365,7.0924183097282825,5,0,5.470642425298745,6.781261869589662,233,0.0,0.0,0.0,0.0,2.15,0.0
236,ATL_17_17,Ophelia,7,4,5.335101590604128,6.182399450991332,0,0,7.536363938404511,9.14580185083861,1,0,6.580235934307542,8.523773926535135,41,17.07,9.76,0.0,0.0,2.44,0.0
237,EPAC_11_4,Dora,2,0,2.7204727211007667,3.125937829208931,0,0,2.967447097809794,3.536022077122256,2,0,2.750993104620222,3.437452189443762,32,6.25,0.0,0.0,0.0,6.25,0.0
238,IO_10_3,Phet,0,0,2.7204727211007667,3.125937829208931,3,2,2.0794415416798357,2.4260151319598084,3,0,2.259291496661538,2.8012478836621533,36,0.0,0.0,8.33,5.56,8.33,0.0
239,EPAC_15_20,Patricia,0,0,8.055574311704895,9.308337280200263,0,0,6.760811301062153,7.964536589063863,0,0,5.912629253650843,7.341839132541169,80,0.0,0.0,0.0,0.0,0.0,0.0
240,SHEM_13_10,Garry,0,0,10.259878476567128,11.83227511732088,0,0,8.696231586751273,10.320983339105037,3,0,7.7242781278081,9.653251164738005,167,0.0,0.0,0.0,0.0,1.8,0.0
241,ATL_10_21,Tomas,0,0,8.462433858263797,9.956815660382745,0,0,8.116703248734659,9.871225988751295,2,0,6.777116614273236,8.698822135400919,256,0.0,0.0,0.0,0.0,0.78,0.0
242,EPAC_18_3,Bud,0,0,5.323162406545151,6.1340926227614805,1,0,4.0312864262549635,4.764454960651678,1,0,4.009075618625805,5.0531147146408175,21,0.0,0.0,4.76,0.0,4.76,0.0
243,SHEM_19_5,Owen,2,0,5.772496081424606,6.666313957446702,9,2,4.867711063709686,5.756045368885372,8,0,5.0117380122113,6.339358487376911,200,1.0,0.0,4.5,1.0,4.0,0.0
244,WPAC_16_23,Songda,0,0,4.884519022161982,5.657708910395463,2,0,4.0312864262549635,4.764454960651678,3,0,3.905660147246506,4.916452359953149,71,0.0,0.0,2.82,0.0,4.23,0.0
245,ATL_14_4,Cristobal,0,0,7.5010897976497075,8.653769307588092,2,0,5.9589413554024215,7.0463172161445025,2,0,5.963809594595692,7.509380307947778,85,0.0,0.0,2.35,0.0,2.35,0.0
246,EPAC_13_17,Raymond,0,0,9.17701745135264,10.735162069399188,0,0,7.645636790882254,9.210472398322844,2,0,6.767765549495733,8.604346805880411,227,0.0,0.0,0.0,0.0,0.88,0.0
247,WPAC_15_16,Goni,2,1,4.1588830833596715,4.852030263919617,3,2,3.7013019741124937,4.45334067250063,3,0,3.8623571318921797,4.935862894327971,64,3.12,1.56,4.69,3.12,4.69,0.0
248,SHEM_18_3,Ava,4,4,0.6931471805599453,0.6931471805599453,2,1,1.8506509870562464,2.1400269386803217,1,0,2.6573263219815253,3.4246352411060643,12,33.33,33.33,16.67,8.33,8.33,0.0
249,SHEM_11_15,Carlos,2,0,4.716741961645196,5.521460917862246,1,0,5.195730777772935,6.321376677076183,3,0,4.654553772481755,5.994418617103806,56,3.57,0.0,1.79,0.0,5.36,0.0
250,SHEM_10_6,Laurence,0,0,5.7304047319156055,6.737856242186737,0,0,4.688456785900999,5.687284187236262,6,0,4.1727152683093856,5.302372023542816,106,0.0,0.0,0.0,0.0,5.66,0.0
251,SHEM_13_22,Victoria,0,0,6.74010571023533,7.676199069405666,0,0,5.975013829010788,7.001558583978063,4,0,5.645447552835929,6.989415535550709,71,0.0,0.0,0.0,0.0,5.63,0.0
252,WPAC_15_24,Koppu,0,0,7.810130542051526,9.102898845160594,0,0,6.899975091663174,8.278395274298994,1,0,6.454398854664149,8.204595069322966,121,0.0,0.0,0.0,0.0,0.83,0.0
253,SHEM_11_16,Dianne,1,1,2.264104572425982,2.519517384308977,2,2,1.8869144862558174,2.1093316049095048,1,0,2.560975255762788,3.1756388350834275,16,6.25,6.25,12.5,12.5,6.25,0.0
254,SHEM_20_16,Gabekile,0,0,5.375278407684165,6.271158142298193,0,0,4.68213122712422,5.578010961738247,1,0,4.193147767303531,5.305570932929772,20,0.0,0.0,0.0,0.0,5.0,0.0
255,ATL_12_3,Chris,0,0,3.6247575128615814,4.184373300797004,1,0,2.8417898836693407,3.3282674209331686,1,0,2.7914303345893625,3.467482270264548,19,0.0,0.0,5.26,0.0,5.26,0.0
256,SHEM_10_1,Anja,0,0,2.7204727211007667,3.125937829208931,0,0,2.525728644308255,2.9838740102453327,1,0,2.4271852031756467,3.018417198024241,18,0.0,0.0,0.0,0.0,5.56,0.0
257,ATL_20_28,Zeta,2,0,5.27460083993072,6.190891571804875,2,2,4.473805520439989,5.418970105410001,2,2,4.088681116798661,5.227061861989902,84,2.38,0.0,2.38,2.38,2.38,2.38
258,ATL_20_28,Twenty-Eig,2,0,5.27460083993072,6.190891571804875,2,2,4.473805520439989,5.418970105410001,2,2,4.088681116798661,5.227061861989902,84,2.38,0.0,2.38,2.38,2.38,2.38
259,ATL_18_13,Leslie,8,3,4.1588830833596715,4.852030263919617,8,3,4.0312864262549635,4.764454960651678,8,0,4.216754615438427,5.394578943082,115,6.96,2.61,6.96,2.61,6.96,0.0
260,EPAC_14_18,Rachel,0,0,6.66821819325957,7.612679802100421,1,0,5.667414830485326,6.597791000842829,1,0,5.641385900303978,7.022452765875155,98,0.0,0.0,1.02,0.0,1.02,0.0
261,IO_15_5,Megh,2,0,4.1588830833596715,4.852030263919617,5,0,3.7013019741124937,4.45334067250063,5,0,3.7086590333089333,4.734386149585934,79,2.53,0.0,6.33,0.0,6.33,0.0
262,SHEM_10_22,Paul,1,1,0.6931471805599453,0.6931471805599453,1,1,1.242453324894,1.3797798609775138,0,0,2.0664125413950822,2.6157186857291372,4,25.0,25.0,25.0,25.0,0.0,0.0
263,EPAC_16_3,Blas,5,2,2.7204727211007667,3.125937829208931,1,1,3.1986731175506815,3.8250546017983655,1,0,3.6991173820455137,4.749320645620045,21,23.81,9.52,4.76,4.76,4.76,0.0
264,IO_20_1,Amphan,5,0,4.763267353891182,5.551724714255452,9,4,4.007333185232471,4.835879686400602,7,0,4.285216712706611,5.505116980603908,107,4.67,0.0,8.41,3.74,6.54,0.0
265,WPAC_19_24,Halong,0,0,8.57552907651409,9.838254490485632,2,0,7.281792494985536,8.533179377712024,3,0,7.221087186642063,9.02785147303768,176,0.0,0.0,1.14,0.0,1.7,0.0
266,SHEM_10_15,Rene,0,0,6.444298919512291,7.455899831190771,0,0,5.791793351978915,6.837382211865118,0,0,5.3464911870572704,6.71305473618278,75,0.0,0.0,0.0,0.0,0.0,0.0
267,WPAC_15_11,Nangka,0,0,5.939765125854185,6.904846021897772,2,0,4.5963936063642965,5.470838935788343,3,0,4.361928596203763,5.479002621631569,136,0.0,0.0,1.47,0.0,2.21,0.0
268,EPAC_11_9,Hilary,0,0,4.564348191467836,5.2574953720277815,2,0,3.9112223647446593,4.614374883763797,5,0,3.66892888820919,4.558539339032821,156,0.0,0.0,1.28,0.0,3.21,0.0
269,EPAC_17_16,Max,0,0,4.382026634673883,5.075173815233828,1,0,3.465735902799726,4.158883083359671,1,0,3.4327117904958038,4.32054311903033,27,0.0,0.0,3.7,0.0,3.7,0.0
270,EPAC_12_6,Fabio,0,0,5.101405249236269,5.960230997773436,0,0,4.24626806687467,5.03318201142631,1,0,4.203648177966293,5.3022032867888775,28,0.0,0.0,0.0,0.0,3.57,0.0
271,EPAC_11_2,Beatriz,1,0,5.723756584418719,6.66821819325957,1,0,5.493061443340549,6.591673732008658,3,0,5.285497267128827,6.781191001585142,47,2.13,0.0,2.13,0.0,6.38,0.0
272,EPAC_18_20,Rosa,0,0,6.186208623900493,7.284820912568602,0,0,5.087596335232384,6.186208623900493,0,0,4.048089301434825,5.116492080382528,9,0.0,0.0,0.0,0.0,0.0,0.0
273,EPAC_12_16,Paul,3,2,2.7204727211007667,3.125937829208931,2,1,2.967447097809794,3.536022077122256,2,0,3.1381998486783953,3.9916499216560233,32,9.38,6.25,6.25,3.12,6.25,0.0
274,SHEM_11_8,Wilma,1,0,5.9503031317079405,6.88857277030087,3,1,5.3998388063516405,6.375331973745301,3,0,5.457986965532739,6.9313546370288535,59,1.69,0.0,5.08,1.69,5.08,0.0
275,WPAC_18_10,Maria,1,0,5.335101590604128,6.182399450991332,5,0,5.103923228519813,6.105250963482738,6,0,5.006767673349785,6.410218324422412,111,0.9,0.0,4.5,0.0,5.41,0.0
276,ATL_12_8,Gordon,2,1,2.7204727211007667,3.125937829208931,5,5,2.0794415416798357,2.4260151319598084,3,0,2.6682442246199574,3.3793595110786154,35,5.71,2.86,14.29,14.29,8.57,0.0
277,WPAC_15_28,Melor,0,0,5.723756584418719,6.66821819325957,0,0,5.083472618048523,6.079687700393626,0,0,4.4263965664808556,5.604805388702115,85,0.0,0.0,0.0,0.0,0.0,0.0
278,SHEM_20_24,Irondro,2,1,3.4396779022302186,3.988984046564273,2,0,3.3525113624640275,3.9920108386832878,0,0,4.278589205007946,5.553280422542139,10,20.0,10.0,20.0,0.0,0.0,0.0
279,ATL_16_1,Alex,0,0,6.956962023036786,8.209724991532154,0,0,7.227662498728655,8.861291328270834,0,0,5.441098797015657,7.028564161895419,51,0.0,0.0,0.0,0.0,0.0,0.0
280,WPAC_13_7,Soulik,1,0,5.27460083993072,6.190891571804875,4,1,4.276666119016055,5.1725458536300835,4,0,4.223046058832122,5.390448770916356,58,1.72,0.0,6.9,1.72,6.9,0.0
281,WPAC_12_22,Prapiroon,4,4,0.6931471805599453,0.6931471805599453,1,1,2.0794415416798357,2.4260151319598084,1,0,2.3266651025484,2.957317492532532,11,36.36,36.36,9.09,9.09,9.09,0.0
282,SHEM_17_13,Debbie,1,1,0.6931471805599453,0.6931471805599453,1,1,0.6931471805599453,0.6931471805599453,1,0,1.0085089313107398,1.1436639673467945,9,11.11,11.11,11.11,11.11,11.11,0.0
283,ATL_13_9,Humberto,0,0,7.308490071968936,8.475848257557356,0,0,5.982457982662188,7.117552416090625,0,0,5.108143655542573,6.388638060576827,34,0.0,0.0,0.0,0.0,0.0,0.0
284,ATL_16_16,Otto,0,0,7.528262345077113,8.626454377364105,3,0,6.564751415373556,7.630292995968434,3,0,6.577393603857769,8.206997418866607,110,0.0,0.0,2.73,0.0,2.73,0.0
285,WPAC_18_34,Man-Yi,0,0,9.17701745135264,10.735162069399188,0,0,7.438481564454465,8.850162088261067,0,0,6.615085051680645,8.315487409829618,149,0.0,0.0,0.0,0.0,0.0,0.0
286,WPAC_12_9,Vicente,1,0,2.7204727211007667,3.125937829208931,0,0,3.060270794691562,3.550685421197425,0,0,2.9203941588353644,3.6409030121387715,17,5.88,0.0,0.0,0.0,0.0,0.0
287,WPAC_13_24,Nari,0,0,9.118955810174329,10.72168221244236,0,0,7.4446547633785904,8.959244863943265,0,0,6.090216735489314,7.70825716241725,102,0.0,0.0,0.0,0.0,0.0,0.0
288,SHEM_16_18,Zena,0,0,6.692014289356291,7.581380826232081,0,0,5.68761866786465,6.60764307893909,0,0,5.4085416486720375,6.608344278356176,20,0.0,0.0,0.0,0.0,0.0,0.0
289,SHEM_16_11,Winston,0,0,6.408223661834905,7.389052914846632,5,0,5.416100402204421,6.423551912475553,6,0,5.159024367907569,6.486093615020064,149,0.0,0.0,3.36,0.0,4.03,0.0
290,ATL_10_17,Otto,0,0,8.435549202375729,9.82184356349562,0,0,6.852733547201034,8.140767261293522,1,0,6.020799411925257,7.572205636164768,75,0.0,0.0,0.0,0.0,1.33,0.0
291,WPAC_18_15,Jongdari,0,0,6.289715570908998,7.262670645436653,0,0,5.742674348599997,6.7759834576414715,0,0,5.193450222316507,6.478454267656932,46,0.0,0.0,0.0,0.0,0.0,0.0
292,WPAC_11_10,Nock-Ten,1,0,4.564348191467836,5.2574953720277815,4,1,3.871201010907891,4.564348191467836,2,0,4.0763130738541555,5.16195557831406,67,1.49,0.0,5.97,1.49,2.99,0.0
293,ATL_15_6,Fred,0,0,4.1588830833596715,4.852030263919617,0,0,4.959341999708705,6.025890704495895,0,0,4.0929399950455,5.230166724154261,27,0.0,0.0,0.0,0.0,0.0,0.0
294,SHEM_14_8,Colin,0,0,4.716741961645196,5.521460917862246,1,0,3.947759383923381,4.660046157737199,1,0,3.6908536330502777,4.632734278075974,46,0.0,0.0,2.17,0.0,2.17,0.0
295,SHEM_15_22,Joalane,0,0,4.763267353891182,5.551724714255452,1,0,3.697178256928632,4.346819748993762,1,0,3.4979962133498184,4.365276777106698,25,0.0,0.0,4.0,0.0,4.0,0.0
296,EPAC_14_9,Iselle,2,2,2.7204727211007667,3.125937829208931,3,2,2.4849066497880004,2.831480240067973,2,0,3.230222819177807,4.075360022474911,19,10.53,10.53,15.79,10.53,10.53,0.0
297,EPAC_11_7,Greg,0,0,6.956962023036786,8.209724991532154,0,0,6.371611847231856,7.7912280138998335,0,0,6.010880312900847,7.87591399964135,11,0.0,0.0,0.0,0.0,0.0,0.0
298,WPAC_16_24,Sarika,0,0,5.495122929058925,6.382426124059828,1,0,5.097905978833752,6.06176914231869,3,0,4.943751583226158,6.274627320597315,63,0.0,0.0,1.59,0.0,4.76,0.0
299,ATL_19_19,Rebekah,3,0,5.27460083993072,6.190891571804875,2,0,5.417580787374854,6.4973229120515406,0,0,5.716885215266421,7.426010743131215,29,10.34,0.0,6.9,0.0,0.0,0.0
300,WPAC_12_17,Sanba,0,0,6.3042202571118775,7.220510988986032,0,0,5.321056853517526,6.248961588788383,0,0,4.858957659749221,6.0138750684741415,99,0.0,0.0,0.0,0.0,0.0,0.0
301,WPAC_20_9,Bavi,3,3,2.7204727211007667,3.125937829208931,3,3,2.8903717578961645,3.439677902230219,3,0,3.269586041431366,4.1868650795792455,39,7.69,7.69,7.69,7.69,7.69,0.0
302,EPAC_15_15,Linda,0,0,4.1588830833596715,4.852030263919617,1,0,3.465735902799726,4.158883083359671,1,0,3.478383355830969,4.419950396840727,32,0.0,0.0,3.12,0.0,3.12,0.0
303,ATL_17_8,Gert,0,0,5.967748020490667,6.884038752364822,3,0,5.05145728861651,5.967748020490665,3,0,4.9956388214227445,6.290559997463747,81,0.0,0.0,3.7,0.0,3.7,0.0
304,WPAC_14_6,Tapah,0,0,6.59167373200866,7.690286020676769,0,0,6.225877690680424,7.507694041183502,0,0,4.897100759735242,6.151086217803913,67,0.0,0.0,0.0,0.0,0.0,0.0
305,WPAC_15_20,Krovanh,0,0,6.37886013190821,7.438991900008256,1,0,5.620240028046926,6.678726444778684,1,0,5.113089126822973,6.439881997361999,74,0.0,0.0,1.35,0.0,1.35,0.0
306,IO_10_5,Jal,1,0,4.1588830833596715,4.852030263919617,3,1,3.465735902799726,4.158883083359671,3,1,3.3575330050899828,4.254963917629411,52,1.92,0.0,5.77,1.92,5.77,1.92
307,SHEM_10_7,Edzani,3,1,3.6527404074980634,4.163566031264054,4,3,3.060270794691562,3.550685421197425,3,1,3.3170202857446105,4.14681478752403,66,4.55,1.52,6.06,4.55,4.55,1.52
308,WPAC_15_6,Noul,2,0,6.120541589383125,7.10137084239485,9,2,5.083472618048523,6.079687700393626,11,1,5.018995714268815,6.346034446930701,249,0.8,0.0,3.61,0.8,4.42,0.4
309,EPAC_20_12,Genevieve,0,0,0.6931471805599453,0.6931471805599453,0,0,0.6931471805599453,0.6931471805599453,0,0,0.6931471805599453,0.6931471805599453,5,0.0,0.0,0.0,0.0,0.0,0.0
310,WPAC_10_13,Malakas,1,1,2.9553268589189523,3.2917990955401653,2,1,2.6442121514159425,3.0126319875746645,1,0,3.082136894627606,3.8068763254391538,18,5.56,5.56,11.11,5.56,5.56,0.0
311,SHEM_19_24,Kenneth,4,2,2.7204727211007667,3.125937829208931,2,0,3.121597777637052,3.7287104269063285,2,0,3.014242873427027,3.8158346032590336,54,7.41,3.7,3.7,0.0,3.7,0.0
312,ATL_20_31,Iota,0,0,7.66060244842212,8.976279242328058,0,0,6.436150368369427,7.6986143701818115,0,0,5.8539571183213805,7.440242435019472,67,0.0,0.0,0.0,0.0,0.0,0.0
313,ATL_14_7,Fay,0,0,7.983937685158039,9.303466349965667,0,0,6.572810101824528,7.869439037000687,2,0,5.699280456056071,7.182003992002558,76,0.0,0.0,0.0,0.0,2.63,0.0
314,WPAC_12_4,Mawar,1,0,4.1588830833596715,4.852030263919617,1,0,3.9434164994775287,4.755983829206924,1,0,4.06087371297394,5.243860097093279,22,4.55,0.0,4.55,0.0,4.55,0.0
315,WPAC_20_7,Mekkhala,0,0,3.1866065642994146,3.644751930236492,0,0,2.5682034035071046,2.9609427514736137,0,0,2.8146173339568152,3.5089531916031977,4,0.0,0.0,0.0,0.0,0.0,0.0
316,CPAC_15_1,Halola,0,0,7.172805260861664,8.355656335753784,0,0,5.978805643115837,7.126933463614824,1,0,5.379773369419281,6.781875922490629,146,0.0,0.0,0.0,0.0,0.68,0.0
317,ATL_11_17,Philippe,0,0,7.995073561031488,9.316829401013807,0,0,6.644830857656083,7.903679093961578,3,0,6.105461403111915,7.698277783429202,330,0.0,0.0,0.0,0.0,0.91,0.0
318,WPAC_16_18,Malakas,2,0,5.111312861849701,5.986781599203601,13,2,4.282991677792834,5.0790865250740165,12,0,4.554277371362149,5.8118098916952015,154,1.3,0.0,8.44,1.3,7.79,0.0
319,SHEM_19_13,Gelena,0,0,4.852030263919616,5.545177444479561,1,0,4.1588830833596715,4.852030263919617,4,0,3.8852296886244257,4.789093907463837,101,0.0,0.0,0.99,0.0,3.96,0.0
320,EPAC_15_5,Dolores,0,0,6.303652238677092,7.359704912926405,0,0,5.703782474656201,6.855075021153224,3,0,5.1262395895975255,6.4989846036095305,101,0.0,0.0,0.0,0.0,2.97,0.0
321,EPAC_16_13,Lester,0,0,6.002758553726741,6.983587806738466,1,0,4.892852258439872,5.841412250882813,2,0,4.677304523475904,5.913875745605772,73,0.0,0.0,1.37,0.0,2.74,0.0
322,EPAC_16_22,Otto,0,0,8.258978935937051,9.615420333907261,2,0,6.80128303447162,8.155030202809552,6,0,6.232149316778591,7.872458326479762,159,0.0,0.0,1.26,0.0,3.77,0.0
323,SHEM_20_1,Rita,0,0,8.317766166719343,9.704060527839234,0,0,6.971480969862681,8.311991734219827,2,0,6.12327651406874,7.743739201107713,79,0.0,0.0,0.0,0.0,2.53,0.0
324,WPAC_12_16,Bolaven,0,0,6.571585323468638,7.747272952050377,0,0,6.8020007809824925,8.32921418108813,3,0,5.938487582431823,7.695158851485644,80,0.0,0.0,0.0,0.0,3.75,0.0
325,EPAC_13_3,Cosme,0,0,5.335101590604128,6.182399450991332,0,0,4.31748811353631,5.122207069753361,0,0,4.083661000261805,5.174603906373138,9,0.0,0.0,0.0,0.0,0.0,0.0
326,WPAC_14_3,Faxai,1,0,4.564348191467836,5.2574953720277815,0,0,5.0238805208462765,6.005197578890818,1,0,4.7289072472950835,6.047643969670105,23,4.35,0.0,0.0,0.0,4.35,0.0
327,SHEM_12_17,Lua,0,0,7.959595650449548,9.090997761940649,0,0,6.715383386334681,7.907751695654523,0,0,6.1612937655083275,7.639431079862959,67,0.0,0.0,0.0,0.0,0.0,0.0
328,EPAC_18_12,John,0,0,1.0986122886681096,1.0986122886681096,0,0,1.0986122886681096,1.0986122886681096,0,0,1.3801782847401394,1.5615077935869706,5,0.0,0.0,0.0,0.0,0.0,0.0
329,WPAC_20_11,Haishen,0,0,6.071891796220596,7.141924877968732,0,0,5.7201773860676965,6.875568660417594,1,0,5.115383448246012,6.538374210071068,72,0.0,0.0,0.0,0.0,1.39,0.0
330,WPAC_10_12,Fanapi,0,0,6.002758553726741,6.983587806738466,1,0,4.734811484953132,5.643861284024389,1,0,4.138512170121727,5.190476038587626,52,0.0,0.0,1.92,0.0,1.92,0.0
331,EPAC_13_2,Barbara,0,0,2.9553268589189523,3.2917990955401653,0,0,2.505525936990736,2.7853338309584474,0,0,2.6554354111781593,3.175506370331071,13,0.0,0.0,0.0,0.0,0.0,0.0
332,CPAC_15_7,Oho,0,0,4.878584286642168,5.611752821038881,0,0,3.947759383923381,4.660046157737199,0,0,4.007815547691668,5.043031570388203,30,0.0,0.0,0.0,0.0,0.0,0.0
333,EPAC_20_9,Elida,2,2,0.6931471805599453,0.6931471805599453,1,1,1.5040773967762737,1.706809950830356,0,0,1.9525559791111398,2.4318526387091097,5,40.0,40.0,20.0,20.0,0.0,0.0
334,SHEM_10_14,Pat,0,0,4.716741961645196,5.521460917862246,0,0,4.550036522797098,5.488917289099625,1,0,3.8131040268403047,4.82458668095696,62,0.0,0.0,0.0,0.0,1.61,0.0
335,ATL_11_14,Maria,0,0,8.763785310401389,10.239283500257688,0,0,7.426704999133927,8.936807658637434,0,0,6.251662614294514,7.90830072902553,200,0.0,0.0,0.0,0.0,0.0,0.0
336,WPAC_18_23,Cimaron,0,0,8.062572852509927,9.528909921303354,0,0,6.841971538436134,8.27781135087814,0,0,5.932891814765308,7.568460983840167,33,0.0,0.0,0.0,0.0,0.0,0.0
337,EPAC_15_22,Sandra,0,0,7.2540081007916974,8.374362945429676,0,0,5.742674348599997,6.7759834576414715,1,0,5.185808790092124,6.44313487550173,98,0.0,0.0,0.0,0.0,1.02,0.0
338,WPAC_15_10,Linfa,0,0,8.540909718033554,9.927204079153444,0,0,7.110696122978828,8.541796563443562,1,0,6.344176116069543,8.029121483553563,105,0.0,0.0,0.0,0.0,0.95,0.0
339,SHEM_18_15,Marcus,0,0,6.002758553726741,6.983587806738466,2,0,4.567814399444323,5.435114927138376,5,0,4.308415133367471,5.410848037142097,176,0.0,0.0,1.14,0.0,2.84,0.0
340,ATL_11_12,Katia,2,0,5.111312861849701,5.986781599203601,11,3,4.105394398408686,4.857089925843829,9,1,4.210688212843833,5.337278957826433,191,1.05,0.0,5.76,1.57,4.71,0.52
341,EPAC_10_4,Celia,0,0,6.704246416550659,7.8938304834244954,0,0,5.17237614319019,6.19081710682071,2,0,4.679425928647628,5.944917010142738,93,0.0,0.0,0.0,0.0,2.15,0.0
342,EPAC_16_16,Orlene,0,0,5.769861829062476,6.718421821505417,0,0,4.6055402822807,5.464292151155611,0,0,4.222262249346955,5.324557433074604,6,0.0,0.0,0.0,0.0,0.0,0.0
343,CPAC_13_1,Pewa,0,0,6.560617432012265,7.653018460681096,1,0,5.89152718908721,7.0897559141919855,3,0,5.786698870105933,7.449024770812736,34,0.0,0.0,2.94,0.0,8.82,0.0
344,WPAC_17_28,Damrey,3,2,2.7204727211007667,3.125937829208931,2,0,3.121597777637052,3.7287104269063285,2,0,3.4162380180660867,4.37565071198203,18,16.67,11.11,11.11,0.0,11.11,0.0
345,ATL_13_10,Ingrid,0,0,6.87935580446044,7.977968093128549,0,0,5.378360074221574,6.448297020609939,4,0,5.027979205368609,6.337648730840529,91,0.0,0.0,0.0,0.0,4.4,0.0
346,EPAC_11_1,Adrian,1,0,2.7204727211007667,3.125937829208931,7,6,2.0794415416798357,2.4260151319598084,4,0,2.5029317487182663,3.150601033994831,49,2.04,0.0,14.29,12.24,8.16,0.0
347,WPAC_17_17,Sanvu,1,1,0.6931471805599453,0.6931471805599453,1,1,0.6931471805599453,0.6931471805599453,1,0,1.0085089313107398,1.1436639673467945,9,11.11,11.11,11.11,11.11,11.11,0.0
348,EPAC_18_2,Aletta,0,0,7.033506484287697,8.132118772955806,3,2,5.293697652870561,6.270548475808229,3,0,5.414039181074125,6.847832814233044,78,0.0,0.0,3.85,2.56,3.85,0.0
349,SHEM_19_17,Haleh,0,0,5.27460083993072,6.190891571804875,0,0,4.68213122712422,5.578010961738247,2,0,4.027281878345746,5.101618081633324,53,0.0,0.0,0.0,0.0,3.77,0.0
350,WPAC_18_17,Seventeen,9,9,1.909542504884438,2.11227505893852,0,0,4.435682502568426,5.269950056043505,1,0,3.981055886161263,5.024065242778001,20,45.0,45.0,0.0,0.0,5.0,0.0
351,WPAC_18_17,Shanshan,9,9,1.909542504884438,2.11227505893852,0,0,4.435682502568426,5.269950056043505,1,0,3.981055886161263,5.024065242778001,20,45.0,45.0,0.0,0.0,5.0,0.0
352,IO_20_3,Gati,1,1,2.7204727211007667,3.125937829208931,0,0,3.866294200183729,4.608897816576154,0,0,5.03990269579356,6.65063385779739,3,33.33,33.33,0.0,0.0,0.0,0.0
353,ATL_16_7,Gaston,0,0,5.18095091077687,6.028248771164074,5,0,4.68213122712422,5.578010961738247,6,0,4.546571929922891,5.761809040101967,133,0.0,0.0,3.76,0.0,4.51,0.0
354,SHEM_19_11,Riley,0,0,5.415112259831527,6.28241278752558,0,0,5.0131546107689715,5.973810061765951,0,0,4.7828101993815455,6.0567552107295075,50,0.0,0.0,0.0,0.0,0.0,0.0
355,WPAC_13_11,Utor,0,0,5.288668773432203,6.061529822456199,1,0,4.495893881331377,5.327234149968959,3,0,4.079282674184633,5.07632253340701,126,0.0,0.0,0.79,0.0,2.38,0.0
356,SHEM_13_19,Sandra,1,0,4.1588830833596715,4.852030263919617,2,1,3.498569420058411,4.199924979933027,2,0,3.785346601578038,4.84402737450173,26,3.85,0.0,7.69,3.85,7.69,0.0
357,WPAC_17_27,Saola,1,1,4.1588830833596715,4.852030263919617,2,1,3.801637321843569,4.578759857164474,1,1,4.2931083005195125,5.564478054535632,28,3.57,3.57,7.14,3.57,3.57,3.57
358,ATL_14_8,Gonzalo,0,0,6.1680955388142955,7.068882084152486,0,0,5.225746673713201,6.129823864032977,1,0,4.814248811189286,5.957185174168389,143,0.0,0.0,0.0,0.0,0.7,0.0
359,WPAC_12_26,Bopha,0,0,5.967748020490667,6.884038752364822,1,0,5.0310462913563825,5.942234273915506,6,0,4.572814339148719,5.693148318869974,322,0.0,0.0,0.31,0.0,1.86,0.0
360,ATL_10_11,Igor,25,25,0.6931471805599453,0.6931471805599453,0,0,2.525728644308255,2.9838740102453327,2,0,2.310379702673492,2.894750694170795,54,46.3,46.3,0.0,0.0,3.7,0.0
361,WPAC_18_3,Jelawat,0,0,11.302806481353763,12.955114758181951,0,0,10.421218788453233,12.506663100146582,0,0,8.512224589788117,10.6594832925115,106,0.0,0.0,0.0,0.0,0.0,0.0
362,SHEM_18_11,Dumazile,1,1,0.6931471805599453,0.6931471805599453,1,1,1.4451858789480823,1.6331955535451166,0,0,2.573243926530288,3.325282624918425,4,25.0,25.0,25.0,25.0,0.0,0.0
363,WPAC_15_4,Maysak,0,0,5.9503031317079405,6.88857277030087,4,0,5.1298987149230735,6.065799803373869,6,0,4.882410963195104,6.139904973182658,209,0.0,0.0,1.91,0.0,2.87,0.0
364,ATL_19_5,Dorian,0,0,5.9503031317079405,6.88857277030087,3,0,4.927253685157204,5.812493516166533,7,0,4.63672430049887,5.811049317432309,275,0.0,0.0,1.09,0.0,2.55,0.0
365,SHEM_12_4,Benilde,0,0,6.336480417799242,7.227453341689108,0,0,5.247681750579456,6.039741802804362,0,0,5.117752299881921,6.332634140435088,29,0.0,0.0,0.0,0.0,0.0,0.0
366,WPAC_20_25,Vamco,4,3,2.7204727211007667,3.125937829208931,1,0,3.8766508031652673,4.672526708816598,1,0,3.73314138964063,4.800198353064273,26,15.38,11.54,3.85,0.0,3.85,0.0
367,IO_14_3,Hudhud,0,0,5.335101590604128,6.182399450991332,5,2,4.068340412331825,4.810772443247754,5,0,4.135261545777878,5.204224711445168,104,0.0,0.0,4.81,1.92,4.81,0.0
368,WPAC_16_25,Haima,0,0,6.041100745555974,6.9101385925795835,1,0,4.982235819574558,5.8254352963596725,2,0,4.672253307486427,5.80306727024419,139,0.0,0.0,0.72,0.0,1.44,0.0
369,WPAC_11_14,Nanmadol,1,0,4.763267353891182,5.551724714255452,7,1,4.179502370562409,4.949724891035983,6,0,4.2021527024704675,5.327587807554118,121,0.83,0.0,5.79,0.83,4.96,0.0
370,WPAC_15_9,Chan-Hom,0,0,8.723231274827508,10.1095256359474,0,0,7.438481564454465,8.850162088261067,2,0,6.35972666809767,7.963610356631002,161,0.0,0.0,0.0,0.0,1.24,0.0
371,IO_19_2,Vayu,0,0,3.0081547935525483,3.413619901660713,2,1,2.4849066497880004,2.831480240067973,1,0,2.6424720158986172,3.243199158156383,40,0.0,0.0,5.0,2.5,2.5,0.0
372,WPAC_13_22,Fitow,0,0,2.7204727211007667,3.125937829208931,0,0,2.8903717578961645,3.439677902230219,0,0,2.816846866545923,3.5283037469781187,9,0.0,0.0,0.0,0.0,0.0,0.0
373,WPAC_18_14,Wukong,0,0,6.565374063469362,7.538329137997017,0,0,5.797160274421672,7.047821978630344,0,0,4.767358197094275,6.011907038162331,22,0.0,0.0,0.0,0.0,0.0,0.0
374,WPAC_19_29,Kammuri,0,0,9.17701745135264,10.735162069399188,0,0,7.982143178759382,9.575319495340702,2,0,6.969592285522104,8.85996068454103,177,0.0,0.0,0.0,0.0,1.13,0.0
375,EPAC_11_13,Kenneth,0,0,8.014107139744421,9.295040985206485,0,0,7.162914159728359,8.505702832353435,1,0,6.578626703365826,8.29721651638834,81,0.0,0.0,0.0,0.0,1.23,0.0
376,WPAC_18_9,Prapiroon,0,0,4.1588830833596715,4.852030263919617,1,0,3.9120230054281464,4.716741961645196,1,0,3.5856742279415745,4.586370726649573,25,0.0,0.0,4.0,0.0,4.0,0.0
377,WPAC_10_16,Chaba,1,0,4.1588830833596715,4.852030263919617,2,1,3.465735902799726,4.158883083359671,2,0,3.432276985546104,4.363936110809966,51,1.96,0.0,3.92,1.96,3.92,0.0
378,ATL_10_19,Richard,0,0,8.612223755860303,10.057409634808383,0,0,7.11589845235201,8.54829947516004,0,0,5.959108148255652,7.524432436364614,58,0.0,0.0,0.0,0.0,0.0,0.0
379,WPAC_18_30,Kong-Rey,0,0,6.408223661834905,7.389052914846632,0,0,5.433605668822458,6.417540551833824,0,0,4.908207230966019,6.128300450816891,67,0.0,0.0,0.0,0.0,0.0,0.0
380,WPAC_15_27,In-Fa,0,0,8.284443246095801,9.61944431282814,0,0,6.887552571664618,8.207081236472249,0,0,6.05806223425288,7.614926331885261,205,0.0,0.0,0.0,0.0,0.0,0.0
381,ATL_12_17,Rafael,0,0,8.030084094267563,9.416378455387454,0,0,7.090076835776092,8.587942972553087,3,0,6.017617372534613,7.651402825849642,97,0.0,0.0,0.0,0.0,3.09,0.0
382,SHEM_16_7,Victor,2,2,0.6931471805599453,0.6931471805599453,0,0,2.0794415416798357,2.4260151319598084,0,0,1.7297107457115002,2.109363092175289,5,40.0,40.0,0.0,0.0,0.0,0.0
383,EPAC_18_7,Fabio,2,0,4.1588830833596715,4.852030263919617,0,0,4.553876891600541,5.519059319360689,1,0,4.362512295204299,5.6193167823011585,27,7.41,0.0,0.0,0.0,3.7,0.0
384,WPAC_18_19,Leepi,0,0,9.17701745135264,10.735162069399188,0,0,7.4990081518607425,9.027186599545956,0,0,6.38323716086982,8.070197284220535,69,0.0,0.0,0.0,0.0,0.0,0.0
385,WPAC_13_31,Haiyan,0,0,7.927677197792579,9.003533488194396,0,0,6.6951296612119044,7.74768541406788,0,0,6.443103256408255,7.903738455322402,212,0.0,0.0,0.0,0.0,0.0,0.0
386,SHEM_18_16,Nora,0,0,7.6077922750087605,8.726815560936998,0,0,6.246329717750907,7.394157571780486,0,0,5.980800599927678,7.508650568406749,34,0.0,0.0,0.0,0.0,0.0,0.0
387,SHEM_20_5,Calvinia,3,3,0.6931471805599453,0.6931471805599453,0,0,3.58351893845611,4.306111877930151,0,0,3.7024908782419512,4.820298412639781,7,42.86,42.86,0.0,0.0,0.0,0.0
388,WPAC_13_17,Usagi,0,0,7.067641160273857,8.126248114328266,0,0,5.717685379825192,6.744747246672965,0,0,5.193717981768103,6.467128291903159,117,0.0,0.0,0.0,0.0,0.0,0.0
389,WPAC_16_16,Meranti,0,0,6.985164011462914,8.023151678314589,0,0,5.821565510312585,6.829017020583716,1,0,5.17629638996604,6.388261440026825,171,0.0,0.0,0.0,0.0,0.58,0.0
390,CPAC_16_1,Pali,0,0,6.59167373200866,7.690286020676769,2,0,5.895357236852928,7.076563344370896,3,0,5.406423351185424,6.883211479348142,62,0.0,0.0,3.23,0.0,4.84,0.0
391,SHEM_20_4,Sarai,1,0,2.7204727211007667,3.125937829208931,1,0,2.525728644308255,2.9838740102453327,1,0,2.552487836187127,3.215075706734063,21,4.76,0.0,4.76,0.0,4.76,0.0
392,WPAC_15_25,Champi,7,4,4.1588830833596715,4.852030263919617,3,0,5.744604469176456,7.007468791330583,3,0,5.154959238404253,6.683606375484031,73,9.59,5.48,4.11,0.0,4.11,0.0
393,WPAC_15_17,Atsani,0,0,2.7204727211007667,3.125937829208931,0,0,2.6168894227052326,3.0978249832415545,0,0,2.2790290434207563,2.8270999448534435,20,0.0,0.0,0.0,0.0,0.0,0.0
394,EPAC_16_19,Ulika,0,0,3.6527404074980634,4.163566031264054,0,0,3.697178256928632,4.346819748993762,0,0,3.1929090787117724,3.9245054217895943,9,0.0,0.0,0.0,0.0,0.0,0.0
395,EPAC_13_4,Dalila,1,0,4.718498871295096,5.411646051855041,3,1,4.02535169073515,4.685116023138965,2,0,4.380874598664425,5.493871099218669,35,2.86,0.0,8.57,2.86,5.71,0.0
396,EPAC_20_18,Marie,0,0,5.19295685089021,6.088836585504238,0,0,4.068340412331825,4.810772443247754,1,0,3.7996152450074283,4.788208381877774,44,0.0,0.0,0.0,0.0,2.27,0.0
397,IO_20_2,Nisarga,1,0,1.7068099508303562,1.9095425048844386,0,0,2.0794415416798357,2.4260151319598084,0,0,1.9001981121633038,2.3205657804738173,14,7.14,0.0,0.0,0.0,0.0,0.0
398,SHEM_19_19,Savannah,0,0,5.495122929058925,6.382426124059828,0,0,5.493061443340549,6.591673732008658,5,0,5.157732979086597,6.574612616831221,121,0.0,0.0,0.0,0.0,4.13,0.0
399,WPAC_19_23,Matmo,0,0,6.59167373200866,7.690286020676769,0,0,6.031286041294653,7.192533961338343,0,0,5.5862132870229,7.107097299542823,91,0.0,0.0,0.0,0.0,0.0,0.0
400,SHEM_11_7,Zelia,0,0,5.27460083993072,6.190891571804875,0,0,5.934256033439786,7.244533246659746,0,0,4.271919364150111,5.497900260636052,48,0.0,0.0,0.0,0.0,0.0,0.0
401,WPAC_14_20,Nuri,0,0,5.586416018885034,6.433713879272236,0,0,5.416100402204421,6.423551912475553,2,0,4.739661015632896,5.919249632435728,121,0.0,0.0,0.0,0.0,1.65,0.0
402,WPAC_12_24,Son-Tinh,1,0,4.1588830833596715,4.852030263919617,2,0,3.9120230054281464,4.716741961645196,2,0,3.616210018298908,4.608598068727742,41,2.44,0.0,4.88,0.0,4.88,0.0
403,EPAC_18_10,Hector,7,2,3.6527404074980634,4.163566031264054,8,2,3.5065578973199822,4.108544299482951,7,1,3.5999054936793904,4.510038654811183,184,3.8,1.09,4.35,1.09,3.8,0.54
404,IO_15_4,Chapala,11,11,0.6931471805599453,0.6931471805599453,0,0,2.0794415416798357,2.4260151319598084,0,0,1.8317252932244128,2.2427457581168273,25,44.0,44.0,0.0,0.0,0.0,0.0
405,WPAC_15_23,Choi-Wan,0,0,2.6287476860138907,2.9753212762938634,0,0,1.9780752646527948,2.273965716419247,0,0,2.159679769925957,2.6392358614653437,6,0.0,0.0,0.0,0.0,0.0,0.0
406,EPAC_18_14,Lane,2,0,5.792262358221201,6.677851738985218,11,0,5.3482972988530575,6.338798033286349,14,0,5.137852207013495,6.456638757054334,294,0.68,0.0,3.74,0.0,4.76,0.0
407,IO_18_6,Titli,0,0,3.8066624897703205,4.355968634104375,0,0,3.554212987222145,4.168113161860654,0,0,3.1888003389694095,3.9418826048646065,48,0.0,0.0,0.0,0.0,0.0,0.0
408,SHEM_13_16,Haruna,0,0,4.884519022161982,5.657708910395463,0,0,3.9120230054281464,4.716741961645196,1,0,3.4390971102235772,4.332097414470435,23,0.0,0.0,0.0,0.0,4.35,0.0
409,SHEM_15_13,Marcia,4,1,2.7204727211007667,3.125937829208931,1,0,3.1986731175506815,3.8250546017983655,1,0,3.0894789579357487,3.885316998904739,29,13.79,3.45,3.45,0.0,3.45,0.0
410,WPAC_18_28,Trami,9,3,5.0106352940962555,5.815354250313305,9,1,5.057198283090997,6.04684478169672,4,0,5.542073425132244,7.153458073285174,80,11.25,3.75,11.25,1.25,5.0,0.0
411,SHEM_15_18,Nathan,0,0,6.186208623900493,7.284820912568602,8,1,4.722953221644475,5.730404731915607,11,1,4.531067796391517,5.804040019061032,201,0.0,0.0,3.98,0.5,5.47,0.5
412,SHEM_17_5,Dineo,1,0,2.7204727211007667,3.125937829208931,0,0,3.6039299357162378,4.28094248599179,0,0,3.1124256475553134,3.8919361424273404,15,6.67,0.0,0.0,0.0,0.0,0.0
413,SHEM_13_15,Gino,1,0,2.7204727211007667,3.125937829208931,0,0,3.9120230054281464,4.716741961645196,0,0,3.260457008219097,4.128567833886667,9,11.11,0.0,0.0,0.0,0.0,0.0
414,SHEM_15_19,Olwyn,0,0,6.1258451883937575,7.137446100072237,0,0,5.083472618048523,6.079687700393626,0,0,4.33795003646356,5.441958702536766,13,0.0,0.0,0.0,0.0,0.0,0.0
415,SHEM_15_1,Adjali,0,0,8.834084426759365,10.057080541739701,0,0,7.630102425850579,8.988321887979168,0,0,6.669311947990054,8.216965936018248,48,0.0,0.0,0.0,0.0,0.0,0.0
416,SHEM_12_7,Ethel,0,0,3.997536780515743,4.658414700506903,1,0,3.3989702064874647,4.075425962969344,1,0,3.2470683991483993,4.106615407412207,22,0.0,0.0,4.55,0.0,4.55,0.0
417,EPAC_13_8,Henriette,1,1,2.7204727211007667,3.125937829208931,1,1,2.525728644308255,2.9838740102453327,1,0,2.5783369893929553,3.229375121962632,25,4.0,4.0,4.0,4.0,4.0,0.0
418,EPAC_12_4,Daniel,1,1,2.7204727211007667,3.125937829208931,1,0,3.7013019741124937,4.45334067250063,1,0,3.469090952865775,4.443308533348777,13,7.69,7.69,7.69,0.0,7.69,0.0
419,SHEM_10_16,Gelane,5,0,4.564348191467836,5.2574953720277815,8,0,4.382026634673881,5.202880221175325,9,0,4.273302942379307,5.408033836434665,151,3.31,0.0,5.3,0.0,5.96,0.0
420,WPAC_10_11,Meranti,1,0,1.909542504884438,2.11227505893852,1,1,1.5040773967762737,1.706809950830356,1,0,1.8785122576113151,2.2915308335789986,8,12.5,0.0,12.5,12.5,12.5,0.0
421,WPAC_18_31,Yutu,0,0,7.438971592395863,8.537583881063972,0,0,6.340359303727752,7.438971592395861,1,0,5.818266245703413,7.238872982883994,214,0.0,0.0,0.0,0.0,0.47,0.0
422,EPAC_10_9,Frank,0,0,6.063117046700158,7.1116876060897765,3,0,4.810531114786398,5.7638523905727315,3,0,4.643799734566231,5.918608878402729,84,0.0,0.0,3.57,0.0,3.57,0.0
423,ATL_20_17,Paulette,0,0,7.650109203596732,8.9028721720921,7,0,6.572981598996506,7.86965340846566,8,0,6.395433150490272,8.149082259919734,211,0.0,0.0,3.32,0.0,3.79,0.0
424,ATL_17_9,Harvey,0,0,7.595027209319415,8.894310193449677,4,0,6.068425588244111,7.310878913138111,4,0,5.966971085706259,7.629562385298162,113,0.0,0.0,3.54,0.0,3.54,0.0
425,EPAC_19_15,Lorena,0,0,7.483536003770915,8.677407454438091,6,0,6.3300496601263845,7.510202597049457,6,0,6.134410268423103,7.753040490102272,150,0.0,0.0,4.0,0.0,4.0,0.0
426,ATL_10_6,Danielle,0,0,6.576550886486209,7.658212399316478,0,0,5.436450951366279,6.520910617040821,0,0,4.637558407790422,5.808578176126782,84,0.0,0.0,0.0,0.0,0.0,0.0
427,SHEM_19_23,Wallace,0,0,8.506842093886158,9.819028482852326,2,0,6.985906088253854,8.245905073053489,5,0,6.496545527989466,8.08848658611505,157,0.0,0.0,1.27,0.0,3.18,0.0
428,SHEM_14_21,Hellen,0,0,3.0081547935525483,3.413619901660713,2,1,2.4849066497880004,2.831480240067973,2,0,2.5520689568338,3.096233255352767,47,0.0,0.0,4.26,2.13,4.26,0.0
429,EPAC_16_4,Celia,1,1,0.6931471805599453,0.6931471805599453,1,0,1.3862943611198904,1.5595811562598767,0,0,1.7245736633152227,2.124762374599537,3,33.33,33.33,33.33,0.0,0.0,0.0
430,WPAC_11_18,Roke,4,2,1.7068099508303562,1.9095425048844386,2,2,1.9356005054539454,2.2462138366774456,1,1,2.3157770864937595,2.913312096385839,26,15.38,7.69,7.69,7.69,3.85,3.85
431,EPAC_11_5,Eugene,3,2,4.1588830833596715,4.852030263919617,3,1,4.353224492031545,5.268243819899445,3,0,4.467112112955482,5.769141395842509,50,6.0,4.0,6.0,2.0,6.0,0.0
432,CPAC_14_2,Ana,0,0,9.337044045829892,10.88256527250905,0,0,7.763999111148437,9.302639410827021,1,0,6.517878181464136,8.194357475520297,168,0.0,0.0,0.0,0.0,0.6,0.0
433,WPAC_20_22,Goni,0,0,5.348291045321487,6.085889988452266,4,0,4.4796069630127455,5.197149225657407,4,0,4.51924053441769,5.604132133595387,133,0.0,0.0,3.01,0.0,3.01,0.0
434,EPAC_18_21,Sergio,0,0,6.855075021153224,8.006367567650248,0,0,5.975823208164627,7.12320541992581,1,0,5.598135424094845,7.10817304390374,62,0.0,0.0,0.0,0.0,1.61,0.0
435,SHEM_20_8,Tino,0,0,0.6931471805599453,0.6931471805599453,0,0,0.6931471805599453,0.6931471805599453,0,0,0.6931471805599453,0.6931471805599453,2,0.0,0.0,0.0,0.0,0.0,0.0
436,SHEM_18_9,Gita,4,4,2.7204727211007667,3.125937829208931,4,2,3.3322045101752034,3.991968842579018,2,0,4.311392043493469,5.65698000071697,27,14.81,14.81,14.81,7.41,7.41,0.0
437,SHEM_20_22,Herold,0,0,5.323162406545151,6.1340926227614805,1,0,4.448516375942714,5.2140718796484204,1,0,4.417805150404522,5.543365859444126,67,0.0,0.0,1.49,0.0,1.49,0.0
438,SHEM_14_7,Ian,0,0,6.8744848742258435,8.106628555518476,0,0,5.832859516931343,7.016421323997152,3,0,5.117369527554272,6.546194329550447,71,0.0,0.0,0.0,0.0,4.23,0.0
439,SHEM_18_19,Keni,0,0,8.054815384801802,8.973599887431478,0,0,6.6226492203545835,7.438898979505057,0,0,6.879660314531561,8.281426006709419,46,0.0,0.0,0.0,0.0,0.0,0.0
440,EPAC_16_8,Georgette,0,0,4.716741961645196,5.521460917862246,0,0,5.005985966920483,6.084195663510618,2,0,4.217745083210602,5.411758009409622,42,0.0,0.0,0.0,0.0,4.76,0.0
441,WPAC_19_21,Neoguri,3,0,3.6527404074980634,4.163566031264054,3,0,3.649523167026469,4.287250886616059,4,0,3.3685112436319535,4.181013522782131,86,3.49,0.0,3.49,0.0,4.65,0.0
442,ATL_18_3,Chris,2,0,4.716741961645196,5.521460917862246,1,0,4.942967196644269,6.00542220066535,3,0,4.603416908498034,5.916378235141997,82,2.44,0.0,1.22,0.0,3.66,0.0
443,WPAC_16_6,Nida,0,0,5.306217301660359,6.20762195436768,0,0,4.142448384485547,4.903407408439906,1,0,3.7822540729499394,4.746282843307626,34,0.0,0.0,0.0,0.0,2.94,0.0
444,WPAC_18_26,Mangkhut,0,0,7.012607932366414,8.088747365182465,2,0,5.794443002886387,6.896480163328011,3,0,5.265000625526936,6.59113041271209,160,0.0,0.0,1.25,0.0,1.88,0.0
445,IO_14_4,Nilofar,4,2,2.7204727211007667,3.125937829208931,5,2,2.525728644308255,2.9838740102453327,4,0,2.675638708810223,3.3714107783835408,54,7.41,3.7,9.26,3.7,7.41,0.0
446,ATL_11_18,Rina,0,0,8.620889275801519,10.067808258737845,0,0,7.307768185005431,8.788136640976816,4,0,6.344987458536545,8.04304534128666,140,0.0,0.0,0.0,0.0,2.86,0.0
447,ATL_17_11,Irma,1,0,4.1588830833596715,4.852030263919617,7,1,3.3989702064874647,4.075425962969344,9,1,3.097071422031166,3.8744749134557583,282,0.35,0.0,2.48,0.35,3.19,0.35
448,WPAC_15_21,Dujuan,2,1,3.6247575128615814,4.184373300797004,5,1,3.1986731175506815,3.8250546017983655,5,0,3.423386442583337,4.344758166904416,45,4.44,2.22,11.11,2.22,11.11,0.0
449,WPAC_11_20,Nesat,0,0,4.1588830833596715,4.852030263919617,4,2,3.324330331691134,3.9821261194739312,3,0,3.5459764544223025,4.515087695107737,48,0.0,0.0,8.33,4.17,6.25,0.0
450,WPAC_14_18,Phanfone,0,0,6.6371786744332955,7.77661295762166,0,0,5.703782474656201,6.855075021153224,0,0,4.736968374502718,5.969644134107703,77,0.0,0.0,0.0,0.0,0.0,0.0
451,WPAC_20_21,Molave,0,0,6.59167373200866,7.690286020676769,0,0,6.553933404025811,7.84584316475229,2,0,5.802076675050433,7.364469939814391,95,0.0,0.0,0.0,0.0,2.11,0.0
452,ATL_16_15,Nicole,0,0,8.440852801386358,9.857918821173001,0,0,7.613324979540639,9.170082634145826,3,0,6.658994503112403,8.479875631108534,179,0.0,0.0,0.0,0.0,1.68,0.0
453,WPAC_19_9,Francisco,0,0,6.697034247666484,7.795646536334593,1,0,5.779971613013748,6.878390925987212,1,0,5.742831894405603,7.312753925253174,39,0.0,0.0,2.56,0.0,2.56,0.0
454,ATL_20_8,Hanna,10,10,0.6931471805599453,0.6931471805599453,0,0,1.6479184330021641,1.886611246112719,0,0,1.6305748986668251,1.9695589531698325,24,41.67,41.67,0.0,0.0,0.0,0.0
455,WPAC_17_25,Lan,0,0,7.812555651793488,9.155344324418564,2,0,6.6225192629522915,8.003496006523337,4,0,6.409403428656446,8.209959667094715,88,0.0,0.0,2.27,0.0,4.55,0.0
456,WPAC_11_4,Songda,6,0,5.967748020490667,6.884038752364822,10,3,5.545177444479563,6.58489821531948,8,0,5.7460396869213355,7.323992137889076,155,3.87,0.0,6.45,1.94,5.16,0.0
457,IO_10_4,Giri,0,0,1.7068099508303562,1.9095425048844386,0,0,1.5040773967762737,1.706809950830356,0,0,1.4192037756455158,1.6688790431424356,12,0.0,0.0,0.0,0.0,0.0,0.0
458,SHEM_13_3,Claudia,0,0,0.6931471805599453,0.6931471805599453,0,0,0.6931471805599453,0.6931471805599453,0,0,0.6931471805599453,0.6931471805599453,3,0.0,0.0,0.0,0.0,0.0,0.0
459,IO_12_6,Thane,5,2,2.7204727211007667,3.125937829208931,0,0,3.465735902799726,4.158883083359671,2,0,3.048008791116305,3.819771332556364,55,9.09,3.64,0.0,0.0,3.64,0.0
460,SHEM_19_7,Cilida,2,1,2.7204727211007667,3.125937829208931,4,3,2.0794415416798357,2.4260151319598084,1,1,3.0410929576685657,3.9081700813008786,24,8.33,4.17,16.67,12.5,4.17,4.17
461,ATL_12_9,Isaac,0,0,7.812555651793488,9.155344324418564,0,0,7.739068926925087,9.39918308648933,0,0,6.243558837943017,7.954047465893845,154,0.0,0.0,0.0,0.0,0.0,0.0
462,ATL_10_18,Paula,0,0,7.438971592395863,8.537583881063972,0,0,6.4483224149789535,7.573925481459863,3,0,5.791637378323584,7.141586629893155,166,0.0,0.0,0.0,0.0,1.81,0.0
463,EPAC_19_11,Juliette,2,1,3.4396779022302186,3.988984046564273,2,2,2.8903717578961645,3.439677902230219,2,0,3.682064462484429,4.744757848677919,18,11.11,5.56,11.11,11.11,11.11,0.0
464,ATL_14_3,Bertha,0,0,8.317766166719343,9.704060527839234,0,0,6.76987157161875,8.059979986414913,2,0,6.102827934357649,7.679199412004023,177,0.0,0.0,0.0,0.0,1.13,0.0
465,WPAC_19_26,Fengshen,2,1,4.1588830833596715,4.852030263919617,2,2,3.859342747599233,4.650891639359054,2,1,3.9914167853582634,5.0946000125376445,74,2.7,1.35,2.7,2.7,2.7,1.35
466,WPAC_17_14,Banyan,0,0,5.391255362207305,6.189763058425076,0,0,4.50258359721299,5.281655906236265,1,0,3.983068768803574,4.899911206639235,111,0.0,0.0,0.0,0.0,0.9,0.0
467,SHEM_14_18,Lusi,0,0,8.317766166719343,9.704060527839234,0,0,6.7083282542852425,7.983050839748028,2,0,6.04982642752422,7.603156797044399,143,0.0,0.0,0.0,0.0,1.4,0.0
468,WPAC_18_22,Soulik,1,0,2.7204727211007667,3.125937829208931,1,0,2.525728644308255,2.9838740102453327,1,0,2.89035736657161,3.6749352828958504,9,11.11,0.0,11.11,0.0,11.11,0.0
469,WPAC_17_15,Hato,0,0,8.161418163302303,9.377813487626796,0,0,7.052721049232321,8.266595167206347,2,0,6.808691203053327,8.48987892168559,93,0.0,0.0,0.0,0.0,2.15,0.0
470,EPAC_19_13,Kiko,0,0,6.792344427470809,7.890956716138918,1,0,6.040849772288725,7.204488625080934,4,0,5.377204631029132,6.761672300318272,129,0.0,0.0,0.78,0.0,3.1,0.0
471,WPAC_18_33,Usagi,0,0,4.949724891035982,5.7199474115095565,5,0,4.31748811353631,5.122207069753361,5,0,4.429469067785517,5.606558499754266,80,0.0,0.0,6.25,0.0,6.25,0.0
472,EPAC_18_16,Norman,14,7,3.9605845720425776,4.548371236944697,15,7,3.871201010907891,4.564348191467836,8,3,4.218457580530327,5.368578715031667,170,8.24,4.12,8.82,4.12,4.71,1.76
473,SHEM_14_15,Guito,0,0,4.564348191467836,5.2574953720277815,0,0,3.1294719561211215,3.687870011497895,0,0,3.1431037347979887,3.9236122784833407,7,0.0,0.0,0.0,0.0,0.0,0.0
474,ATL_17_16,Nate,4,1,2.7204727211007667,3.125937829208931,5,3,2.525728644308255,2.9838740102453327,1,0,3.275706737001241,4.218316142715442,29,13.79,3.45,17.24,10.34,3.45,0.0
475,WPAC_19_15,Lingling,5,4,2.537022650927015,2.8247047233787956,5,4,2.4849066497880004,2.831480240067973,4,0,2.899842755521079,3.5886781778536863,53,9.43,7.55,9.43,7.55,7.55,0.0
476,ATL_12_5,Ernesto,0,0,9.179598599096614,10.696181165209834,0,0,7.6549526822500615,9.276057651117313,1,0,6.3722027903385925,8.077349147942193,186,0.0,0.0,0.0,0.0,0.54,0.0
477,SHEM_16_8,Corentin,0,0,3.6247575128615814,4.184373300797004,0,0,2.525728644308255,2.9838740102453327,0,0,2.384076515348334,2.9433210946495816,5,0.0,0.0,0.0,0.0,0.0,0.0
